-- phpMyAdmin SQL Dump
-- version 5.2.1
-- https://www.phpmyadmin.net/
--
-- Gép: 127.0.0.1
-- Létrehozás ideje: 2025. Ápr 26. 11:26
-- Kiszolgáló verziója: 10.4.32-MariaDB
-- PHP verzió: 8.2.12

SET SQL_MODE = "NO_AUTO_VALUE_ON_ZERO";
START TRANSACTION;
SET time_zone = "+00:00";


/*!40101 SET @OLD_CHARACTER_SET_CLIENT=@@CHARACTER_SET_CLIENT */;
/*!40101 SET @OLD_CHARACTER_SET_RESULTS=@@CHARACTER_SET_RESULTS */;
/*!40101 SET @OLD_COLLATION_CONNECTION=@@COLLATION_CONNECTION */;
/*!40101 SET NAMES utf8mb4 */;

--
-- Adatbázis: `receptek`
--
drop database if exists receptek;
create database receptek default character set utf8 collate utf8_hungarian_ci;
use receptek;
-- --------------------------------------------------------

--
-- Tábla szerkezet ehhez a táblához `ertekeles`
--

CREATE TABLE `ertekeles` (
  `Ertid` int(10) NOT NULL,
  `Csillag` int(2) NOT NULL,
  `R_id` int(10) NOT NULL,
  `F_id` int(10) NOT NULL
) ENGINE=InnoDB DEFAULT CHARSET=utf8 COLLATE=utf8_hungarian_ci;

--
-- A tábla adatainak kiíratása `ertekeles`
--

INSERT INTO `ertekeles` (`Ertid`, `Csillag`, `R_id`, `F_id`) VALUES
(13, 5, 7, 1),
(14, 3, 9, 1),
(15, 5, 8, 1),
(16, 3, 10, 1),
(17, 5, 25, 1),
(18, 3, 26, 17),
(19, 4, 37, 17),
(20, 1, 25, 17),
(21, 5, 47, 17);

-- --------------------------------------------------------

--
-- Tábla szerkezet ehhez a táblához `erzekenyseg`
--

CREATE TABLE `erzekenyseg` (
  `Eid` int(10) NOT NULL,
  `Nev` varchar(50) NOT NULL
) ENGINE=InnoDB DEFAULT CHARSET=utf8 COLLATE=utf8_hungarian_ci;

--
-- A tábla adatainak kiíratása `erzekenyseg`
--

INSERT INTO `erzekenyseg` (`Eid`, `Nev`) VALUES
(1, 'Glutén'),
(2, 'Rákfélék'),
(3, 'Tojás'),
(4, 'Hal'),
(5, 'Földimogyoró '),
(6, 'Szójabab'),
(7, 'Tej'),
(8, 'Diófélék'),
(9, 'Zeller'),
(10, 'Mustár'),
(11, 'Szezámmag '),
(12, 'Kén-dioxid '),
(13, 'Csillagfürt'),
(14, 'Puhatestűek');

-- --------------------------------------------------------

--
-- Tábla szerkezet ehhez a táblához `felhasznalo`
--

CREATE TABLE `felhasznalo` (
  `Id` int(10) NOT NULL,
  `Fnev` varchar(60) NOT NULL,
  `Email` varchar(200) NOT NULL,
  `Jelszo_Salt` blob NOT NULL,
  `Jelszo_Hash` blob NOT NULL,
  `Jogosultsag` int(3) NOT NULL,
  `ProfilkepURL` varchar(500) DEFAULT NULL
) ENGINE=InnoDB DEFAULT CHARSET=utf8 COLLATE=utf8_hungarian_ci;

--
-- A tábla adatainak kiíratása `felhasznalo`
--

INSERT INTO `felhasznalo` (`Id`, `Fnev`, `Email`, `Jelszo_Salt`, `Jelszo_Hash`, `Jogosultsag`, `ProfilkepURL`) VALUES
(1, 'Anna', 'anna@example.com', 0x69afa33724cb0a0707450065cfee07473cc6bab9288d9d155a32c655ef42a87c204fb399688e01d1f91239fcf5af43ec504fa338ae5462e82bc8b836eff3ae767bcc199930dc029b6b225998164088268a45a95350c5563150ad9403dddb70b76d005de911419e83c3edb206f5b6b5c25a8c0b6f29cfa2fa0dadfb608dee35a1, 0xf9dd18cd74f3eb53b30d8406b54c9ccd15e58b0e0636a553b4d2be643cb8f87b6dc4c43668c90e97af8bd1f40baf0a29035747a3611b547aeb58e1974d2f5034, 1, '1745483782_husveti-holabda-karamellizalt-dioval.jpg'),
(2, 'Béla', 'bela@example.com', '', 0x70617373343536, 2, 'profPlaceholder.png'),
(17, 'admin', 'admin@admin.hu', 0x7e382658a7bfbb74cbe8394e421d2785acc96821c67deb2705b167e04427646d7f720fdaae86022e19625a49fee367f9b4be215cda6e1d4fcfefe9d0289d68615a28f1efef3b3a6a356c2a40223ecf0f9f69282b4a12c636dc552322062600e5706f889f4ed9f77f8a66106a35129a7e46ebb9424f9fcb0874026ea8f04a1923, 0xf3944529e46505569cf9845450768b73d089539b073c2cd570bf888620e637026bddc81457824eb4ce5dee18bd8922440c0ba422f7f9bd35831c2f65dbecfdbc, 1, ''),
(18, 'pelda', 'pelda@pelda.hu', 0x8e7f64822dbd39eb752e5c34d6817378005f83ec3b8486203090e09a39a96dd48534c0a83ecd7e99a9065a3b6df64978be13ca9f0093892c0270cc786ed3ec60aa798ba3735d0438140a4e6f3714be70cc77ec49f79464eca7ffa5531ce233524927dac704238e302768a744ddfd7cb8ceff25bed7b4d07397b8f8d3f07d218c, 0x72f9bd7cc9915f1c29757ef5b0091209a0c7b2ca01d6c413cccb0e941c57cb9e723309343794fa8e0329066f3b245287d5eb880bda831121343545ff9bb3f393, 2, '');

-- --------------------------------------------------------

--
-- Tábla szerkezet ehhez a táblához `felhasznalo_erzekenyseg`
--

CREATE TABLE `felhasznalo_erzekenyseg` (
  `F_id` int(10) NOT NULL,
  `E_id` int(10) NOT NULL
) ENGINE=InnoDB DEFAULT CHARSET=utf8 COLLATE=utf8_hungarian_ci;

--
-- A tábla adatainak kiíratása `felhasznalo_erzekenyseg`
--

INSERT INTO `felhasznalo_erzekenyseg` (`F_id`, `E_id`) VALUES
(2, 4),
(1, 3);

-- --------------------------------------------------------

--
-- Tábla szerkezet ehhez a táblához `hozzavalo`
--

CREATE TABLE `hozzavalo` (
  `Hid` int(10) NOT NULL,
  `Nev` varchar(50) NOT NULL
) ENGINE=InnoDB DEFAULT CHARSET=utf8 COLLATE=utf8_hungarian_ci;

--
-- A tábla adatainak kiíratása `hozzavalo`
--

INSERT INTO `hozzavalo` (`Hid`, `Nev`) VALUES
(3, 'Hagyma'),
(7, 'Liszt'),
(8, 'Cukor'),
(9, 'Só'),
(10, 'Bors'),
(11, 'Olívaolaj'),
(12, 'Víz'),
(13, 'Tej'),
(14, 'Vaj'),
(15, 'Tojás'),
(16, 'Paradicsom'),
(17, 'Hagymapüré'),
(18, 'Citromlé'),
(19, 'Méz'),
(20, 'Sajt'),
(21, 'Csirkemell'),
(22, 'Krumpli'),
(23, 'Rizs'),
(24, 'Olaj'),
(25, 'Paprika'),
(26, 'Paradicsompüré'),
(27, 'Zsemlemorzsa'),
(28, 'Ketchup'),
(29, 'Tészta'),
(30, 'Tejföl'),
(31, 'Mustár'),
(32, 'Citrom'),
(33, 'Fokhagyma'),
(34, 'Gyömbér'),
(35, 'Petrezselyem'),
(36, 'Kapor'),
(37, 'Szalonna'),
(38, 'Hal'),
(39, 'Marhahús'),
(40, 'Darálthús'),
(41, 'Kakaópor'),
(42, 'Sütőpor'),
(43, 'Vaníliáscukor'),
(44, 'Túró'),
(45, 'Lekvár'),
(46, 'Zöldborsó'),
(47, 'Répa'),
(48, 'Zeller'),
(49, 'Babérlevél'),
(50, 'Kávé'),
(51, 'Tea'),
(52, 'Kókuszreszelék'),
(53, 'Mandula'),
(54, 'Dió'),
(55, 'Mogyoró'),
(56, 'Csokoládé'),
(57, 'Vaníliaaroma'),
(58, 'Kukoricaliszt'),
(59, 'Zabpehely'),
(60, 'Burgonyapüré'),
(61, 'Kefir'),
(62, 'Joghurt'),
(63, 'Tonhal'),
(64, 'Kukorica'),
(65, 'Spárga'),
(66, 'Spenót'),
(67, 'Brokkoli'),
(68, 'Karfiol'),
(69, 'Kelbimbó'),
(70, 'Lencse'),
(71, 'Csicseriborsó'),
(72, 'Mák'),
(73, 'Zabtej'),
(74, 'Mandulatej'),
(75, 'Szezámmag'),
(76, 'Lenmag'),
(77, 'Chiamag'),
(78, 'Kókusztej'),
(79, 'Szilva'),
(80, 'Őszibarack'),
(81, 'Alma'),
(82, 'Körte'),
(83, 'Görögdinnye'),
(84, 'Eper'),
(85, 'Szőlő'),
(86, 'Meggy'),
(87, 'Cseresznye'),
(88, 'Banán'),
(89, 'Kivi'),
(90, 'Kecsketej'),
(91, 'Erdeigyümölcs'),
(92, 'Kacsamell'),
(93, 'Borsófehérje'),
(94, 'Kuszkusz'),
(95, 'Mangó'),
(96, 'Padlizsán'),
(97, 'Cékla'),
(98, 'Zabkorpa'),
(99, 'Nyílgyökérliszt'),
(100, 'Sárgadinnye'),
(101, 'Ananász'),
(102, 'Fenyőmag'),
(103, 'Pisztácia'),
(104, 'Szójatej'),
(105, 'Búzacsíra'),
(106, 'Tapióka'),
(107, 'Szójaliszt'),
(108, 'Szójagranulátum'),
(109, 'Tahini'),
(110, 'Articsóka'),
(111, 'Avokádó'),
(112, 'Bazsalikom'),
(113, 'Oregánó'),
(114, 'Majoranna'),
(115, 'Bab'),
(116, 'Málna'),
(117, 'Szeder'),
(118, 'Áfonya'),
(119, 'Ribizli'),
(120, 'Karalábé'),
(121, 'Retek'),
(122, 'Hajtások'),
(123, 'Spagetti'),
(124, 'Kagylótészta'),
(125, 'Penne'),
(126, 'Pudingpor'),
(127, 'Daráltmák'),
(128, 'Daráltdió'),
(129, 'Daráltmandula'),
(130, 'Baracklekvár'),
(131, 'Narancs'),
(132, 'Lime'),
(133, 'Kókuszolaj'),
(134, 'Gesztenyepüré'),
(135, 'Pirospaprika'),
(136, 'Rozmaring'),
(137, 'Kakukkfű'),
(138, 'Zsálya'),
(139, 'Kömény'),
(140, 'Szerecsendió'),
(141, 'Kurkuma'),
(142, 'Chili'),
(143, 'Sáfrány'),
(144, 'Tárkony'),
(145, 'Pulykamell'),
(146, 'Libamáj'),
(147, 'Nyúlhús'),
(148, 'Fürjmell'),
(149, 'Szardínia'),
(150, 'Lazac'),
(151, 'Pisztráng'),
(152, 'Ponty'),
(153, 'Kaviár'),
(154, 'Rák'),
(155, 'Tintahal'),
(156, 'Polip'),
(157, 'Garnélarák'),
(158, 'Kagyló'),
(159, 'Disznósajt'),
(160, 'Sonka'),
(161, 'Pácolt hús'),
(162, 'Füstölt szalonna'),
(163, 'Zsír'),
(164, 'Margarin'),
(165, 'Szilvalekvár'),
(166, 'Eperlekvár'),
(167, 'Meggylekvár'),
(168, 'Füge'),
(169, 'Datolya'),
(170, 'Mazsola'),
(171, 'Aszalt szilva'),
(172, 'Kandírozott narancs'),
(173, 'Kókuszliszt'),
(174, 'Rizsliszt'),
(175, 'Rozsliszt'),
(176, 'Árpaliszt'),
(177, 'Tönkölyliszt'),
(178, 'Kesudió'),
(179, 'Parmezán'),
(180, 'Mozzarella'),
(181, 'Feta sajt'),
(182, 'Köménymag'),
(183, 'Borsikafű'),
(184, 'Szárított paradicsom'),
(185, 'Rukkola'),
(186, 'Madársaláta'),
(187, 'Endívia'),
(188, 'Fejes saláta'),
(189, 'Kínai kel'),
(190, 'Rebarbara'),
(191, 'Torma'),
(192, 'Fehérrépa'),
(193, 'Fekete retek'),
(194, 'Csemegeuborka'),
(195, 'Kovászos uborka'),
(196, 'Savanyú káposzta'),
(197, 'Csilipaprika'),
(198, 'Jalapeno'),
(199, 'Hokkaido tök'),
(200, 'Sütőtök'),
(201, 'Cukkini'),
(202, 'Patisszon'),
(203, 'Gomba'),
(204, 'Vargánya'),
(205, 'Laskagomba'),
(206, 'Shiitake'),
(207, 'Kucsmagomba'),
(208, 'Szarvasgomba'),
(209, 'Rókagomba'),
(210, 'Bárányhús'),
(211, 'Borjúhús'),
(212, 'Vadkacsa'),
(213, 'Fácánhús'),
(214, 'Szarvashús'),
(215, 'Vaddisznóhús'),
(216, 'Harcsa'),
(217, 'Tőkehal'),
(218, 'Makréla'),
(219, 'Sügér'),
(220, 'Keszeg'),
(221, 'Angolna'),
(222, 'Kecskesajt'),
(223, 'Brie sajt'),
(224, 'Camembert'),
(225, 'Gouda sajt'),
(226, 'Edami sajt'),
(227, 'Trapista sajt'),
(228, 'Tejszín'),
(229, 'Mascarpone'),
(230, 'Ricotta'),
(231, 'Créme fraiche'),
(232, 'Sűrített tej'),
(233, 'Kondenzált tej'),
(234, 'Tejpor'),
(235, 'Birsalma'),
(236, 'Gránátalma'),
(237, 'Passiógyümölcs'),
(238, 'Sárkánygyümölcs'),
(239, 'Kaktuszfüge'),
(240, 'Licsi'),
(241, 'Pomelo'),
(242, 'Klementin'),
(243, 'Mandarin'),
(244, 'Citromfű'),
(245, 'Menta'),
(246, 'Lestyán'),
(247, 'Zsázsa'),
(248, 'Turbolya'),
(249, 'Snidling'),
(250, 'Metélőhagyma'),
(251, 'Currypor'),
(252, 'Garam masala'),
(253, 'Fűszerkömény'),
(254, 'Római kömény'),
(255, 'Csillagánizs'),
(256, 'Szecsuáni bors'),
(257, 'Wasabi'),
(258, 'Miso paszta'),
(259, 'Szójaszósz'),
(260, 'Halászlé'),
(261, 'Worcestershire szósz'),
(262, 'Balzsamecet'),
(263, 'Rizsecet'),
(264, 'Almaecet'),
(265, 'Málnaecet'),
(266, 'Mogyoróolaj'),
(267, 'Szőlőmagolaj'),
(268, 'Tökmagolaj'),
(269, 'Dióolaj'),
(270, 'Szezámolaj'),
(271, 'Bulgur'),
(272, 'Quinoa'),
(273, 'Hajdina'),
(274, 'Köles'),
(275, 'Amaránt'),
(276, 'Durum tészta'),
(277, 'Lasagne lap'),
(278, 'Orzo tészta'),
(279, 'Fusilli tészta'),
(280, 'Farfalle tészta'),
(281, 'Gnocchi'),
(282, 'Ravioli'),
(283, 'Tortellini'),
(284, 'Krémsajt'),
(285, 'Koriander'),
(286, 'Kapribogyó'),
(287, 'Ecet'),
(288, 'Sertéshús'),
(289, 'Kolbász'),
(290, 'Füstölt sonka'),
(291, 'Körözött'),
(292, 'Kovász'),
(293, 'Élesztő'),
(294, 'Kenyérliszt'),
(295, 'Búzaliszt'),
(296, 'Tejcsokoládé'),
(297, 'Étcsokoládé'),
(298, 'Fehér csokoládé'),
(299, 'Kókuszcukor'),
(300, 'Nádcukor'),
(301, 'Barnacukor'),
(302, 'Porcukor'),
(303, 'Szódabikarbóna'),
(304, 'Kókuszkrém'),
(305, 'Sárgarépa'),
(306, 'Fejes káposzta'),
(307, 'Lilakáposzta'),
(308, 'Kelkáposzta'),
(309, 'Pak choi'),
(310, 'Uborka'),
(311, 'Kapormag'),
(312, 'Fahéj'),
(313, 'Szegfűszeg'),
(314, 'Kardamom'),
(315, 'Galangal'),
(316, 'Szárított chili'),
(317, 'Friss chili'),
(318, 'Habanero'),
(319, 'Tabasco'),
(320, 'Kecske sajt'),
(321, 'Juhtúró'),
(322, 'Sovány tej'),
(323, 'Teljes tej'),
(324, 'Laktózmentes tej'),
(325, 'Tejfehérje'),
(326, 'Sertésszűz'),
(327, 'Borjúmáj'),
(328, 'Csirkeszárny'),
(329, 'Pulykacomb'),
(330, 'Kacsacomb'),
(331, 'Libacomb'),
(332, 'Fürjtojás'),
(333, 'Kacsatojás'),
(334, 'Libatojás'),
(335, 'Strucctojás'),
(336, 'Sertéscsülök'),
(337, 'Marhalábszár'),
(338, 'Borjúcomb'),
(339, ' Sertéskaraj'),
(340, 'Marhanyak'),
(341, 'Csirkecomb'),
(342, 'Pulykahús'),
(343, 'Vadpulyka'),
(344, 'Csirkeláb'),
(345, 'Marhafarok'),
(346, 'Sertésszív'),
(347, 'Marhamáj'),
(348, 'Csirkemáj'),
(349, 'Disznómáj'),
(350, 'Pacal'),
(351, 'Velő'),
(352, 'Füstölt hús'),
(353, 'Szárított sonka'),
(354, 'Prosciutto'),
(355, 'Pancetta'),
(356, 'Guanciale'),
(357, 'Lardo'),
(358, 'Speck'),
(359, 'Füstölt kolbász'),
(360, 'Csípős kolbász'),
(361, 'Májas hurka'),
(362, 'Véres hurka'),
(363, 'Töltött káposzta'),
(364, 'Savanyított uborka'),
(365, 'Savanyított paprika'),
(366, 'Ecetes cékla'),
(367, 'Savanyított gomba'),
(368, 'Kovászos kenyér'),
(369, 'Rozskenyér'),
(370, 'Baguette'),
(371, 'Ciabatta'),
(372, 'Focaccia'),
(373, 'Pita kenyér'),
(374, 'Tortilla'),
(375, 'Naan kenyér'),
(376, 'Kifli'),
(377, 'Zsemle'),
(378, 'Bagel'),
(379, 'Croissant'),
(380, 'Pogácsa'),
(381, 'Lángos tészta'),
(382, 'Kenyérpor'),
(383, 'Prézlis morzsa'),
(384, 'Száraz kenyér'),
(385, 'Pirítós kenyér'),
(386, 'Kukoricakenyér'),
(387, 'Sós keksz'),
(388, 'Édes keksz'),
(389, 'Ostya'),
(390, 'Piskótatészta'),
(391, 'Leveles tészta'),
(392, 'Omlós tészta'),
(393, 'Kelt tészta'),
(394, 'Sós tészta'),
(395, 'Édes tészta'),
(396, 'Réteslap'),
(397, 'Filótészta'),
(398, 'Palacsintatészta'),
(399, 'Gofritészta'),
(400, 'Muffin tészta'),
(401, 'Kevert tészta'),
(402, 'Habcsók'),
(403, 'Meringue'),
(404, 'Marcipán'),
(405, 'Fondant'),
(406, 'Cukormáz'),
(407, 'Karobpor'),
(408, 'Mogyorókrém'),
(409, 'Mandulakrém'),
(410, 'Pisztáciakrém'),
(411, 'Kókuszvaj'),
(412, 'Mogyoróvaj'),
(413, 'Mandulavaj'),
(414, 'Kesuvaj'),
(415, 'Tahiniszósz'),
(416, 'Hummusz'),
(417, 'Guacamole'),
(418, 'Salsa'),
(419, 'Pesto'),
(420, 'Chimichurri'),
(421, 'Aioli'),
(422, 'Majonéz'),
(423, 'Tartármártás'),
(424, 'Béarnaise szósz'),
(425, 'Hollandi mártás'),
(426, 'Barbecue szósz'),
(427, 'Chili szósz'),
(428, 'Sriracha'),
(429, 'Szójaszósz világos'),
(430, 'Szójaszósz sötét'),
(431, 'Osztrigaszósz'),
(432, 'Halszósz'),
(433, 'Tamari'),
(434, 'Ponzu'),
(435, 'Teriyaki szósz'),
(436, 'Hoisin szósz'),
(437, 'Szilvamártás'),
(438, 'Áfonyamártás'),
(439, 'Almaszósz'),
(440, 'Fokhagymás szósz'),
(441, 'Gyömbéres szósz'),
(442, 'Kókuszos szósz'),
(443, 'Currys szósz'),
(444, 'Paradicsomos szósz'),
(445, 'Tejszínes mártás'),
(446, 'Gombamártás'),
(447, 'Bormártás'),
(448, 'Mustáros mártás'),
(449, 'Mézes mártás'),
(450, 'Citromos mártás'),
(451, 'Narancsos mártás'),
(452, 'Mangós mártás'),
(453, 'Ananászos mártás'),
(454, 'Karamellszósz'),
(455, 'Csokoládészósz'),
(456, 'Vaníliás mártás'),
(457, 'Kávészósz'),
(458, 'Mákos töltelék'),
(459, 'Diós töltelék'),
(460, 'Mandulás töltelék'),
(461, 'Gesztenyetöltelék'),
(462, 'Túrótöltelék'),
(463, 'Lekváros töltelék'),
(464, 'Csokoládétöltelék'),
(465, 'Kókuszos töltelék'),
(466, 'Mogyorós töltelék'),
(467, 'Pisztáciás töltelék'),
(468, 'Vaníliakrém'),
(469, 'Csokoládékrém'),
(470, 'Kávés krém'),
(471, 'Karamellkrém'),
(472, 'Citromkrém'),
(473, 'Narancskrém'),
(474, 'Málnakrém'),
(475, 'Eperkrém'),
(476, 'Áfonyakrém'),
(477, 'Mangókrém'),
(478, 'Passiógyümölcs krém'),
(479, 'Kókuszkrém töltelék'),
(480, 'Tejszínhab'),
(481, 'Habtejszín'),
(482, 'Cukrozott tejszín'),
(483, 'Sós karamell'),
(484, 'Fahéjas cukor'),
(485, 'Kandírozott citrom'),
(486, 'Kandírozott gyömbér'),
(487, 'Aszalt áfonya'),
(488, 'Aszalt barack'),
(489, 'Aszalt füge'),
(490, 'Aszalt datolya'),
(491, 'Kandírozott gyümölcs'),
(492, 'Szárított alma'),
(493, 'Szárított körte'),
(494, 'Szárított mangó'),
(495, 'Szárított ananász'),
(496, 'Liofilizált eper'),
(497, 'Liofilizált málna'),
(498, 'Liofilizált áfonya'),
(499, 'Gyümölcspüré'),
(500, 'Almapüré'),
(501, 'Körtepüré'),
(502, 'Barackpüré'),
(503, 'Szilvapüré'),
(504, 'Eperpüré'),
(505, 'Málnapüré'),
(506, 'Áfonyapüré'),
(507, 'Mangópüré'),
(508, 'Ananászpüré'),
(509, 'Banánpüré'),
(510, 'Kivipüré'),
(511, 'Dinnyepüré'),
(512, 'Narancspüré'),
(513, 'Citrompüré'),
(514, 'Limepüré'),
(515, 'Grapefruit'),
(516, 'Mandarinpüré'),
(517, 'Pomelopüré'),
(518, 'Friss rozmaring'),
(519, 'Friss kakukkfű'),
(520, 'Friss zsálya'),
(521, 'Friss tárkony'),
(522, 'Friss bazsalikom'),
(523, 'Friss oregánó'),
(524, 'Friss menta'),
(525, 'Friss citromfű'),
(526, 'Friss koriander'),
(527, 'Szárított rozmaring'),
(528, 'Szárított kakukkfű'),
(529, 'Szárított zsálya'),
(530, 'Szárított tárkony'),
(531, 'Szárított bazsalikom'),
(532, 'Szárított oregánó'),
(533, 'Szárított menta'),
(534, 'Szárított citromfű'),
(535, 'Szárított koriander'),
(536, 'Friss kapor'),
(537, 'Szárított kapor'),
(538, 'Friss petrezselyem'),
(539, 'Szárított petrezselyem'),
(540, 'Friss snidling'),
(541, 'Szárított snidling'),
(542, 'Friss metélőhagyma'),
(543, 'Szárított metélőhagyma'),
(544, 'Friss lestyán'),
(545, 'Szárított lestyán'),
(546, 'Friss turbolya'),
(547, 'Szárított turbolya'),
(548, 'Friss zsázsa'),
(549, 'Szárított zsázsa'),
(550, 'Borsmenta'),
(551, 'Fodormenta'),
(552, 'Gyömbérpor'),
(553, 'Friss gyömbér'),
(554, 'Kurkumapor'),
(555, 'Friss kurkuma'),
(556, 'Sáfrányszál'),
(557, 'Chilipor'),
(558, 'Feketebors'),
(559, 'Fehérbors'),
(560, 'Zöldbors'),
(561, 'Rózsabors'),
(562, 'Köménypor'),
(563, 'Friss kömény'),
(564, 'Fahéjrúd'),
(565, 'Szegfűszeg egész'),
(566, 'Kardamommag'),
(567, 'Csillagánizs egész'),
(568, 'Vaníliarúd'),
(569, 'Szerecsendió egész'),
(570, 'Piment'),
(571, 'Borsikafű friss'),
(572, 'Majoránna friss'),
(573, 'Kakukkfűpor'),
(574, 'Rozmaringpor'),
(575, 'Zsályapor'),
(576, 'Tárkonyecet'),
(577, 'Kapros ecet'),
(578, 'Fokhagymás ecet'),
(579, 'Gyömbéres ecet'),
(580, 'Chilis ecet'),
(581, 'Borecet'),
(582, 'Fehérborecet'),
(583, 'Vörösborecet'),
(584, 'Sherry ecet'),
(585, 'Modenai balzsamecet'),
(586, 'Citromos ecet'),
(587, 'Narancsos ecet'),
(588, 'Mogyoróecet'),
(589, 'Dióecet'),
(590, 'Tökmagolaj ecet'),
(591, 'Napraforgóolaj'),
(592, 'Repceolaj'),
(593, 'Kukoricaolaj'),
(594, 'Földimogyoró olaj'),
(595, 'Argánolaj'),
(596, 'Avokádóolaj'),
(597, 'Pálmaolaj'),
(598, 'Kendermagolaj'),
(599, 'Búzacsíraolaj'),
(600, 'Lenmagolaj'),
(601, 'Makadámdió olaj'),
(602, 'Pisztáciaolaj'),
(603, 'Mandulaolaj'),
(604, 'Kesudióolaj'),
(605, 'Olívabogyó'),
(606, 'Fekete olívabogyó'),
(607, 'Zöld olívabogyó'),
(608, 'Kaliforniai paprika'),
(609, 'Csemegepaprika'),
(610, 'Erős paprika'),
(611, 'Poblano paprika'),
(612, 'Serrano paprika'),
(613, 'Scotch bonnet'),
(614, 'Cayenne paprika'),
(615, 'Chipotle paprika'),
(616, 'Pasilla paprika'),
(617, 'Anaheim paprika'),
(618, 'Friss spenót'),
(619, 'Fagyasztott spenót'),
(620, 'Friss brokkoli'),
(621, 'Fagyasztott brokkoli'),
(622, 'Friss karfiol'),
(623, 'Fagyasztott karfiol'),
(624, 'Friss kelbimbó'),
(625, 'Fagyasztott kelbimbó'),
(626, 'Friss zöldborsó'),
(627, 'Fagyasztott zöldborsó'),
(628, 'Friss répa'),
(629, 'Fagyasztott répa'),
(630, 'Friss cékla'),
(631, 'Fagyasztott cékla'),
(632, 'Friss zeller'),
(633, 'Fagyasztott zeller'),
(634, 'Friss padlizsán'),
(635, 'Fagyasztott padlizsán'),
(636, 'Friss cukkini'),
(637, 'Fagyasztott cukkini'),
(638, 'Friss sütőtök'),
(639, 'Fagyasztott sütőtök'),
(640, 'Friss gomba'),
(641, 'Fagyasztott gomba'),
(642, 'Friss vargánya'),
(643, 'Fagyasztott vargánya'),
(644, 'Friss laskagomba'),
(645, 'Fagyasztott laskagomba'),
(646, 'Friss shiitake'),
(647, 'Fagyasztott shiitake'),
(648, 'Friss rókagomba'),
(649, 'Fagyasztott rókagomba'),
(650, 'Friss kucsmagomba'),
(651, 'Fagyasztott kucsmagomba'),
(652, 'Friss szarvasgomba'),
(653, 'Friss articsóka'),
(654, 'Fagyasztott articsóka'),
(655, 'Friss spárga'),
(656, 'Fagyasztott spárga'),
(657, 'Friss zöldbab'),
(658, 'Fagyasztott zöldbab'),
(659, 'Friss lencse'),
(660, 'Szárított lencse'),
(661, 'Friss csicseriborsó'),
(662, 'Szárított csicseriborsó'),
(663, 'Friss bab'),
(664, 'Szárított bab'),
(665, 'Friss zöldspárga'),
(666, 'Fagyasztott zöldspárga'),
(667, 'Friss fejes káposzta'),
(668, 'Fagyasztott fejes káposzta'),
(669, 'Friss kelkáposzta'),
(670, 'Fagyasztott kelkáposzta'),
(671, 'Friss kínai kel'),
(672, 'Fagyasztott kínai kel'),
(673, 'Friss rukkola'),
(674, 'Friss madársaláta'),
(675, 'Friss endívia'),
(676, 'Friss fejes saláta'),
(677, 'Friss rebarbara'),
(678, 'Fagyasztott rebarbara'),
(679, 'Friss torma'),
(680, 'Fagyasztott torma'),
(681, 'Friss fehérrépa'),
(682, 'Fagyasztott fehérrépa'),
(683, 'Friss fekete retek'),
(684, 'Fagyasztott fekete retek'),
(685, 'Friss karalábé'),
(686, 'Fagyasztott karalábé'),
(687, 'Friss retek'),
(688, 'Fagyasztott retek'),
(689, 'Friss uborka'),
(690, 'Fagyasztott uborka'),
(691, 'Friss paradicsom'),
(692, 'Fagyasztott paradicsom'),
(693, 'Friss paprika'),
(694, 'Fagyasztott paprika'),
(695, 'Friss csilipaprika'),
(696, 'Fagyasztott csilipaprika'),
(697, 'Friss jalapeno'),
(698, 'Fagyasztott jalapeno'),
(701, 'Friss patisszon'),
(702, 'Fagyasztott patisszon'),
(703, 'Friss alma'),
(704, 'Fagyasztott alma'),
(705, 'Friss körte'),
(706, 'Fagyasztott körte'),
(707, 'Friss szilva'),
(708, 'Fagyasztott szilva'),
(709, 'Friss őszibarack'),
(710, 'Fagyasztott őszibarack'),
(711, 'Friss eper'),
(712, 'Fagyasztott eper'),
(713, 'Friss málna'),
(714, 'Fagyasztott málna'),
(715, 'Friss szeder'),
(716, 'Fagyasztott szeder'),
(717, 'Friss áfonya'),
(718, 'Fagyasztott áfonya'),
(719, 'Friss ribizli'),
(720, 'Fagyasztott ribizli'),
(721, 'Friss szőlő'),
(722, 'Fagyasztott szőlő'),
(723, 'Friss meggy'),
(724, 'Fagyasztott meggy'),
(725, 'Friss cseresznye'),
(726, 'Fagyasztott cseresznye'),
(727, 'Friss banán'),
(728, 'Fagyasztott banán'),
(729, 'Friss kivi'),
(730, 'Fagyasztott kivi'),
(731, 'Friss mangó'),
(732, 'Fagyasztott mangó'),
(733, 'Friss ananász'),
(734, 'Fagyasztott ananász'),
(735, 'Friss sárgadinnye'),
(736, 'Fagyasztott sárgadinnye'),
(737, 'Friss görögdinnye'),
(738, 'Fagyasztott görögdinnye'),
(739, 'Friss narancs'),
(740, 'Fagyasztott narancs'),
(741, 'Friss citrom'),
(742, 'Fagyasztott citrom'),
(743, 'Friss lime'),
(744, 'Fagyasztott lime'),
(745, 'Friss grapefruit'),
(746, 'Fagyasztott grapefruit'),
(747, 'Friss mandarin'),
(748, 'Fagyasztott mandarin'),
(749, 'Friss pomelo'),
(750, 'Fagyasztott pomelo'),
(751, 'Friss gránátalma'),
(752, 'Fagyasztott gránátalma'),
(753, 'Friss passiógyümölcs'),
(754, 'Fagyasztott passiógyümölcs'),
(755, 'Friss sárkánygyümölcs'),
(756, 'Fagyasztott sárkánygyümölcs'),
(757, 'Friss kaktuszfüge'),
(758, 'Fagyasztott kaktuszfüge'),
(759, 'Friss licsi'),
(760, 'Fagyasztott licsi'),
(761, 'Friss birsalma'),
(762, 'Fagyasztott birsalma'),
(763, 'Friss füge'),
(764, 'Fagyasztott füge'),
(765, 'Friss datolya'),
(766, 'Fagyasztott datolya'),
(767, 'Sertéslapocka'),
(768, 'Marhaszegy'),
(769, 'Csirkefarhát'),
(770, 'Pulykanyak'),
(771, 'Kacsanyak'),
(772, 'Libanyak'),
(773, 'Marhanyelv'),
(774, 'Sertésháj'),
(775, 'Marhazsír'),
(776, 'Kacsazsír'),
(777, 'Libazsír'),
(778, 'Sertéspörkölt'),
(779, 'Marhapörkölt'),
(780, 'Csirkepörkölt'),
(781, 'Pulykapörkölt'),
(782, 'Kacsapörkölt'),
(783, 'Libapörkölt'),
(784, 'Báránypörkölt'),
(785, 'Borjúpörkölt'),
(786, 'Sertéssült'),
(787, 'Marhasült'),
(788, 'Csirkesült'),
(789, 'Pulykasült'),
(790, 'Kacsasült'),
(791, 'Libasült'),
(792, 'Báránysült'),
(793, 'Borjúsült'),
(794, 'Sertéscsülök sült'),
(795, 'Marhalábszár sült'),
(796, 'Csirkecomb sült'),
(797, 'Pulykacomb sült'),
(798, 'Kacsacomb sült'),
(799, 'Libacomb sült'),
(800, 'Sertésszelet'),
(801, 'Marhaszelet'),
(802, 'Csirkeszelet'),
(803, 'Pulykaszelet'),
(804, 'Kacsaszelet'),
(805, 'Libaszelet'),
(806, 'Bárányszelet'),
(807, 'Borjúszelet'),
(808, 'Halpogácsa'),
(809, 'Halszelet'),
(810, 'Lazacszelet'),
(811, 'Pisztrángszelet'),
(812, 'Pontyszelet'),
(813, 'Harcsaszelet'),
(814, 'Tőkehalfilé'),
(815, 'Makrélaszelet'),
(816, 'Sügérfilé'),
(817, 'Keszegszelet'),
(818, 'Angolnaszelet'),
(819, 'Szardíniaszelet'),
(820, 'Tonhalszelet'),
(821, 'Rákhús'),
(822, 'Garnélahús'),
(823, 'Kagylóhús'),
(824, 'Tintahalhús'),
(825, 'Poliphús'),
(826, 'Homárhús'),
(827, 'Languszta'),
(828, 'Osztriga'),
(829, 'Fésűkagyló'),
(830, 'Kaviár fekete'),
(831, 'Kaviár vörös'),
(832, 'Halikra'),
(833, 'Csigahús'),
(834, 'Békacomb'),
(835, 'Strucchús'),
(836, 'Kenguruhús'),
(837, 'Krokodilhús'),
(838, 'Aligátorhús'),
(839, 'Szarvascomb'),
(840, 'Vaddisznócomb'),
(841, 'Vadkacsacomb'),
(842, 'Fácáncomb'),
(843, 'Őzhús'),
(844, 'Muflonhús'),
(845, 'Medvehús'),
(846, 'Rénszarvashús'),
(847, 'Bivalyhús'),
(848, 'Jak hús'),
(849, 'Lóhús'),
(850, 'Szamárhús'),
(851, 'Tevehús'),
(852, 'Kecskegida'),
(853, 'Sertésvelő'),
(854, 'Marhavelő'),
(855, 'Csirkezúza'),
(856, 'Pulykazúza'),
(857, 'Kacsazúza'),
(858, 'Libazúza'),
(859, 'Sertéshús darált'),
(860, 'Marhahús darált'),
(861, 'Csirkehús darált'),
(862, 'Pulykahús darált'),
(863, 'Kacsahús darált'),
(864, 'Libahús darált'),
(865, 'Bárányhús darált'),
(866, 'Borjúhús darált'),
(867, 'Halhús darált'),
(868, 'Lazachús darált'),
(869, 'Tonhal darált'),
(870, 'Pontyhús darált'),
(871, 'Sertéshús füstölt'),
(872, 'Marhahús füstölt'),
(873, 'Csirkehús füstölt'),
(874, 'Pulykahús füstölt'),
(875, 'Kacsahús füstölt'),
(876, 'Libahús füstölt'),
(877, 'Bárányhús füstölt'),
(878, 'Borjúhús füstölt'),
(879, 'Halhús füstölt'),
(880, 'Lazachús füstölt'),
(881, 'Pisztráng füstölt'),
(882, 'Makréla füstölt'),
(883, 'Sügér füstölt'),
(884, 'Angolna füstölt'),
(885, 'Szardínia füstölt'),
(886, 'Tonhal füstölt'),
(887, 'Tejföl 12%'),
(888, 'Tejföl 20%'),
(889, 'Tejföl 30%'),
(890, 'Joghurt natúr'),
(891, 'Joghurt gyümölcsös'),
(892, 'Kefir natúr'),
(893, 'Kefir gyümölcsös'),
(894, 'Aludttej'),
(895, 'Író'),
(896, 'Tej 1,5%'),
(897, 'Tej 2,8%'),
(898, 'Tej 3,5%'),
(899, 'Kecsketej 2%'),
(900, ' juhtej'),
(901, ' bivalytej'),
(902, 'Tejszín 10%'),
(903, 'Tejszín 20%'),
(904, 'Tejszín 30%'),
(905, 'Habtejszín 35%'),
(906, 'Sajt reszelt'),
(907, 'Sajt szeletelt'),
(908, 'Sajt füstölt'),
(909, 'Sajt krémes'),
(910, 'Sajt érlelt'),
(911, 'Parmezán reszelt'),
(912, 'Mozzarella golyó'),
(913, 'Feta kockázott'),
(914, 'Kecskesajt lágy'),
(915, 'Kecskesajt kemény'),
(916, 'Brie szeletelt'),
(917, 'Camembert egész'),
(918, 'Gouda szeletelt'),
(919, 'Edami kockázott'),
(920, 'Trapista reszelt'),
(921, 'Túró sovány'),
(922, 'Túró félzsíros'),
(923, 'Túró zsíros'),
(924, 'Mascarpone light'),
(925, 'Ricotta sovány'),
(926, 'Créme fraiche 20%'),
(927, 'Sűrített tej cukros'),
(928, 'Kondenzált tej light'),
(929, 'Tejpor sovány'),
(930, 'Tejpor teljes'),
(931, 'Kakaópor cukrozott'),
(932, 'Kakaópor keserű'),
(933, 'Kávékivonat'),
(934, 'Kávé őrölt'),
(935, 'Kávé szemes'),
(936, 'Tea fekete'),
(937, 'Tea zöld'),
(938, 'Tea gyümölcs'),
(939, 'Tea gyógynövény'),
(940, 'Mate tea'),
(941, 'Rooibos tea'),
(942, 'Chai tea'),
(943, 'Matcha por'),
(944, 'Kombucha'),
(945, 'Gyömbértea'),
(946, 'Citromfű tea'),
(947, 'Kamillatea'),
(948, 'Borsmenta tea'),
(949, 'Hibiszkusz tea'),
(950, 'Levendula tea'),
(951, 'Rizstej'),
(952, 'Kókuszvíz'),
(953, 'Mandulaital'),
(954, 'Zabital'),
(955, 'Szójaital'),
(956, 'Kesudióital'),
(957, 'Mogyoróital'),
(958, 'Kenderital'),
(959, 'Búzafűlé'),
(960, 'Aloe vera lé'),
(961, 'Narancslé'),
(962, 'Almalé'),
(963, 'Körte lé'),
(964, 'Szőlőlé'),
(965, 'Céklalé'),
(966, 'Répa lé'),
(967, 'Paradicsomlé'),
(968, 'Ananászlé'),
(969, 'Mangólé'),
(970, 'Eperlé'),
(971, 'Málnelé'),
(972, 'Áfonyalé'),
(973, 'Gránátalmalé'),
(974, 'Citromlé préselt'),
(975, 'Lime lé préselt'),
(976, 'Grapefruitlé'),
(977, 'Mandarinlé'),
(978, 'Pomelolé'),
(979, 'Baracklé'),
(980, 'Szilvalé'),
(981, 'Cseresznyelé'),
(982, 'Meggy lé'),
(983, 'Kivilé'),
(984, 'Passiógyümölcslé'),
(985, 'Sárkánygyümölcslé'),
(986, 'Kaktuszfügelé'),
(987, 'Licsilé'),
(988, 'Birsalmalé'),
(989, 'Fügelé'),
(990, 'Datolyalé'),
(991, 'Kókuszdió'),
(992, 'Makadámdió'),
(993, 'Pekándió'),
(994, 'Paradió'),
(995, 'Tigrismogyoró'),
(996, 'Sárgabarack'),
(997, 'Kajszibarack'),
(998, 'Nektarin'),
(999, 'Sárgadinnye lé'),
(1000, 'Görögdinnye lé'),
(1001, 'Vöröshagyma');

-- --------------------------------------------------------

--
-- Tábla szerkezet ehhez a táblához `hozzavalo_erzekenyseg`
--

CREATE TABLE `hozzavalo_erzekenyseg` (
  `H_id` int(11) NOT NULL,
  `E_id` int(11) NOT NULL
) ENGINE=InnoDB DEFAULT CHARSET=utf8 COLLATE=utf8_hungarian_ci;

--
-- A tábla adatainak kiíratása `hozzavalo_erzekenyseg`
--

INSERT INTO `hozzavalo_erzekenyseg` (`H_id`, `E_id`) VALUES
(7, 1),
(23, 1),
(27, 1),
(29, 1),
(40, 1),
(58, 1),
(59, 1),
(94, 1),
(98, 1),
(105, 1),
(107, 1),
(123, 1),
(124, 1),
(125, 1),
(173, 1),
(174, 1),
(175, 1),
(176, 1),
(177, 1),
(271, 1),
(276, 1),
(277, 1),
(278, 1),
(279, 1),
(280, 1),
(281, 1),
(282, 1),
(283, 1),
(294, 1),
(295, 1),
(368, 1),
(369, 1),
(370, 1),
(371, 1),
(372, 1),
(373, 1),
(374, 1),
(375, 1),
(376, 1),
(377, 1),
(378, 1),
(379, 1),
(380, 1),
(381, 1),
(382, 1),
(383, 1),
(384, 1),
(385, 1),
(386, 1),
(387, 1),
(388, 1),
(389, 1),
(390, 1),
(391, 1),
(392, 1),
(393, 1),
(394, 1),
(395, 1),
(396, 1),
(397, 1),
(398, 1),
(399, 1),
(400, 1),
(401, 1),
(154, 2),
(157, 2),
(821, 2),
(822, 2),
(826, 2),
(827, 2),
(15, 3),
(332, 3),
(333, 3),
(334, 3),
(335, 3),
(402, 3),
(403, 3),
(422, 3),
(423, 3),
(38, 4),
(63, 4),
(149, 4),
(150, 4),
(151, 4),
(152, 4),
(153, 4),
(216, 4),
(217, 4),
(218, 4),
(219, 4),
(220, 4),
(221, 4),
(260, 4),
(261, 4),
(432, 4),
(808, 4),
(809, 4),
(810, 4),
(811, 4),
(812, 4),
(813, 4),
(814, 4),
(815, 4),
(816, 4),
(817, 4),
(818, 4),
(819, 4),
(820, 4),
(830, 4),
(831, 4),
(832, 4),
(867, 4),
(868, 4),
(869, 4),
(870, 4),
(879, 4),
(880, 4),
(881, 4),
(882, 4),
(883, 4),
(884, 4),
(885, 4),
(886, 4),
(55, 5),
(266, 5),
(408, 5),
(412, 5),
(594, 5),
(957, 5),
(995, 5),
(104, 6),
(107, 6),
(108, 6),
(258, 6),
(259, 6),
(429, 6),
(430, 6),
(433, 6),
(434, 6),
(435, 6),
(436, 6),
(955, 6),
(13, 7),
(14, 7),
(20, 7),
(30, 7),
(44, 7),
(56, 7),
(61, 7),
(62, 7),
(73, 7),
(78, 7),
(90, 7),
(126, 7),
(159, 7),
(164, 7),
(179, 7),
(180, 7),
(181, 7),
(222, 7),
(223, 7),
(224, 7),
(225, 7),
(226, 7),
(227, 7),
(228, 7),
(229, 7),
(230, 7),
(231, 7),
(232, 7),
(233, 7),
(234, 7),
(284, 7),
(291, 7),
(296, 7),
(297, 7),
(298, 7),
(304, 7),
(320, 7),
(321, 7),
(322, 7),
(323, 7),
(324, 7),
(325, 7),
(424, 7),
(425, 7),
(445, 7),
(462, 7),
(468, 7),
(469, 7),
(470, 7),
(471, 7),
(472, 7),
(473, 7),
(474, 7),
(475, 7),
(476, 7),
(477, 7),
(478, 7),
(480, 7),
(481, 7),
(482, 7),
(887, 7),
(888, 7),
(889, 7),
(890, 7),
(891, 7),
(892, 7),
(893, 7),
(894, 7),
(895, 7),
(896, 7),
(897, 7),
(898, 7),
(899, 7),
(900, 7),
(901, 7),
(902, 7),
(903, 7),
(904, 7),
(905, 7),
(906, 7),
(907, 7),
(908, 7),
(909, 7),
(910, 7),
(911, 7),
(912, 7),
(913, 7),
(914, 7),
(915, 7),
(916, 7),
(917, 7),
(918, 7),
(919, 7),
(920, 7),
(921, 7),
(922, 7),
(923, 7),
(924, 7),
(925, 7),
(926, 7),
(927, 7),
(928, 7),
(929, 7),
(930, 7),
(931, 7),
(932, 7),
(53, 8),
(54, 8),
(74, 8),
(102, 8),
(103, 8),
(128, 8),
(129, 8),
(178, 8),
(269, 8),
(404, 8),
(409, 8),
(410, 8),
(413, 8),
(414, 8),
(460, 8),
(467, 8),
(588, 8),
(589, 8),
(601, 8),
(602, 8),
(603, 8),
(604, 8),
(956, 8),
(991, 8),
(992, 8),
(993, 8),
(994, 8),
(48, 9),
(632, 9),
(633, 9),
(31, 10),
(448, 10),
(75, 11),
(109, 11),
(270, 11),
(415, 11),
(416, 11),
(170, 12),
(171, 12),
(184, 12),
(487, 12),
(488, 12),
(489, 12),
(490, 12),
(660, 12),
(662, 12),
(664, 12),
(765, 12),
(766, 12),
(155, 14),
(156, 14),
(158, 14),
(431, 14),
(823, 14),
(824, 14),
(825, 14),
(828, 14),
(829, 14),
(833, 14);

-- --------------------------------------------------------

--
-- Tábla szerkezet ehhez a táblához `izles`
--

CREATE TABLE `izles` (
  `F_id` int(11) NOT NULL,
  `T_id` int(11) NOT NULL
) ENGINE=InnoDB DEFAULT CHARSET=utf8 COLLATE=utf8_hungarian_ci;

--
-- A tábla adatainak kiíratása `izles`
--

INSERT INTO `izles` (`F_id`, `T_id`) VALUES
(1, 1);

-- --------------------------------------------------------

--
-- Tábla szerkezet ehhez a táblához `kategoria`
--

CREATE TABLE `kategoria` (
  `Kid` int(10) NOT NULL,
  `Nev` varchar(30) NOT NULL
) ENGINE=InnoDB DEFAULT CHARSET=utf8 COLLATE=utf8_hungarian_ci;

--
-- A tábla adatainak kiíratása `kategoria`
--

INSERT INTO `kategoria` (`Kid`, `Nev`) VALUES
(1, 'Leves'),
(2, 'Főétel'),
(3, 'Desszert'),
(4, 'Saláta'),
(5, 'Előétel');

-- --------------------------------------------------------

--
-- Tábla szerkezet ehhez a táblához `lepes`
--

CREATE TABLE `lepes` (
  `Lid` int(10) NOT NULL,
  `Sorszam` int(2) NOT NULL,
  `Leiras` varchar(500) DEFAULT NULL,
  `R_id` int(10) NOT NULL
) ENGINE=InnoDB DEFAULT CHARSET=utf8 COLLATE=utf8_hungarian_ci;

--
-- A tábla adatainak kiíratása `lepes`
--

INSERT INTO `lepes` (`Lid`, `Sorszam`, `Leiras`, `R_id`) VALUES
(6, 1, 'A darált marhahúst lepirítjuk a vaj és olívaolaj keverékén. Amikor már kezd \'fehéredni\', sózzuk-borsozzuk, majd hozzáadjuk a sűrített paradicsom felét, és azzal is lepirítjuk.', 7),
(7, 2, 'A készre pirult darált húst ezután kiszedjük, a hátramaradt zsiradékra pedig rádobjuk az aprított hagymát és fokhagymát. Sózzuk, fűszerezzük, majd üvegesre pirítjuk.', 7),
(8, 3, 'Amikor a hagyma már áttetsző, hozzáadjuk az aprított paradicsomot, a petrezselymet, a majorannát és a sűrített paradicsom maradékát. Alaposan átkeverjük, majd meghintjük keményítővel, és azzal is összeforgatjuk.', 7),
(9, 4, 'Jöhet rá a kockázott burgonya, majd az alaplé is. Az egészet alaposan átkeverjük, majd lefedve addig főzzük, amíg megpuhul a burgonya.', 7),
(10, 5, 'Amikor a leves már kvázi kész, visszatesszük bele a pirított darált húst, majd hozzáadjuk a tejszínt, a reszelt cheddart és (ízlés szerint) a Worcestershire-szószt. Az egészet átkavarjuk és 5 perc alatt összefőzzük.', 7),
(11, 6, 'A levest tálaljuk mélytányérokba, a tetejét pedig díszítsük pirított baconmorzsával és aprított csemegeuborkával, hogy teljes legyen a hamburgeres ízhatás. Mellé tetszés szerint falatozhatunk hamburgerzsemlét - vagy, ha tovább fokoznátok az ízeket, szórjátok meg félbevágott zsemléket cheddarral és pirítsátok össze!', 7),
(12, 1, 'A kekszet és a datolyát daráljuk le, majd keverjük el alaposan a többi hozzávalóval.', 8),
(13, 2, 'Annyi növényi tejet adjunk hozzá, hogy jól nyújtható állagot kapjunk.', 8),
(14, 3, 'Fektessünk a pultra egy sütőpapírt, majd jöhet rá a kekszes alap. Tegyünk a tetejére is egy sütőpapírt és sodrófa segítségével nyújtsuk ki a két lap között.', 8),
(15, 4, 'Ha nem megfelelő a forma, vágjunk le belőle itt-ott és pótoljuk ki a hiányos helyeken.', 8),
(16, 5, 'Erre kanalazzuk a kókuszos krémet, amit egyenletesen ellapogatunk rajta.', 8),
(17, 6, 'A sütőpapír segítségével kezdjük el feltekerni a tekercset.', 8),
(18, 7, 'Mehet a hűtőbe pár órára, majd ízlés szerint még megforgathatjuk kókuszreszelékben. Ezután szeleteljük és tálaljuk.', 8),
(19, 8, 'A krémhez a hozzávalókat összedarálhatjuk turmixban, hogy még krémesebb állaga legyen, de csak simán össze is keverhetjük.', 8),
(20, 9, 'A kókuszreszelék mennyisége ízlés szerint lehet picit kevesebb vagy picit több.', 8),
(21, 1, 'A puha vajat 2-3 perc alatt alaposan kihabosítjuk a cukorral és vaníliás cukorral, majd hozzáadjuk a tojást és tovább keverjük a masszát, míg az a tojást teljesen fel nem veszi. Ekkor hozzáadjuk a citromlevet és tejfölt, amiket szintén belekeverünk az alapba.', 9),
(22, 2, 'A nedves alaphoz szitáljuk a kétféle lisztet, sütőport, szódabikarbónát és sót, majd gyorsan elkeverjük. Ne dolgozzuk túl a masszát. Utoljára a tejet adjuk a tésztához.', 9),
(23, 3, 'A túrókrém összes hozzávalóját ízlés szerint simára vagy darabosra dolgozzuk egy késes aprítóban, majd habzsákba töltjük és félretesszük.', 9),
(24, 4, 'A hozzávalókat gyors mozdulatokkal elmorzsoljuk, míg darabos állagot nem kapunk.', 9),
(25, 5, 'Egy muffinformát kibélelünk papírokkal, majd elosztjuk a lyukak közt a masszát (nagyjából a mélyedés feléig érjen a piskótatészta). Erre nyomunk egy réteg túrókrémet, majd mindegyik süteményt megszórjuk a morzsával.', 9),
(26, 6, 'A muffinokat 175 fokos sütőben 25 perc alatt készre sütjük, majd hagyjuk teljesen kihűlni. Porcukros szórással, citromkarikákkal díszítve tálaljuk.', 9),
(27, 1, 'Először megpucoljuk a burgonyát, majd egy nagyobb lyukú reszelőn lereszeljük. A lereszelt burgonyát egy szűrőbe tesszük, besózzuk, és hagyjuk állni kb. 10-15 percig, hogy kiengedje a levét. Ezután jól kinyomkodjuk, hogy minél kevesebb nedvesség maradjon benne.', 10),
(28, 2, 'Egy nagy tálban összekeverjük a kinyomkodott burgonyát, a keményítőt/lisztet, egy tojást, két evőkanál zsírt, sót, borsot, és akár adhatunk hozzá pluszban oregánót/bazsalikomot is. Jól összedolgozzuk, hogy egy homogén masszát kapjunk.', 10),
(29, 3, 'Egy nagy tepsit kibélelünk sütőpapírral, majd a papírt megkenjük zsírral: erre helyezzük a burgonyás masszát, és egyenletesen eloszlatjuk, hogy egy kerek, kb. 1-2 cm vastag alapot kapjunk. A tetejét egy kis zsírral megkenjük, hogy szép aranybarna legyen. A rösztialapot betesszük a felforrósított sütőbe (220 °C-on), és körülbelül 25-30 percig sütjük, amíg a szélei aranybarnák és ropogósak lesznek.', 10),
(30, 4, 'Amíg a rösztialap sül, a kolbászt felkarikázzuk, a sajtot lereszeljük. Amikor az alap készen van, kivesszük a sütőből, és egyenletesen eloszlatjuk rajta a paradicsomszószt.', 10),
(31, 5, 'A mozzarella sajtot is egyenletesen rászórjuk a paradicsomszószra, majd ráhelyezzük a kolbászdarabokat. Ha szeretnénk, megszórhatjuk oregánóval is.', 10),
(32, 6, 'Visszatesszük a pizzát a sütőbe, és további 8-10 percig sütjük, amíg a mozzarella szépen megolvad és a kolbász megpirul.', 10),
(33, 7, 'Miután kész, kivesszük a sütőből, és hagyjuk kicsit hűlni. Megszórjuk friss bazsalikommal, majd szeletekre vágva tálaljuk, még melegen.', 10),
(49, 1, 'Olívaolajon az apróra vágott hagymát megpirítjuk, majd hozzáadjuk a sárgarépát is.', 13),
(50, 2, 'Amikor a zöldségek megpirultak, a darált marhahúst is beletesszük a serpenyőbe, és megpirítjuk só és bors hozzáadásával.', 13),
(51, 3, 'Miközben pirul a hús, a vékony szeletekre vágott fokhagymát is hozzákeverjük, kevés vörösbor társaságában.', 13),
(52, 4, 'Majd felöntjük az egészet passzírozott paradicsommal, és lefedve 40 perc alatt hagyjuk megfőni és besűrűsödni.', 13),
(53, 5, 'Egy akkora tepsit használjunk, amekkora a lasagne tésztánk szélessége. Ennek a tepsinek az alját kenjük ki egy kis raguval, plusz locsoljuk meg kevés olívaolajjal.', 13),
(54, 6, 'Jöhet az egészre egy réteg tésztalap, amire megint a húsos ragu, amit meglocsolunk a besamellel, és újabb tésztaréteg. Ezt még kétszer eljátsszuk, és az utolsó záróréteg egy tésztalap-sor legyen, amit leöntünk a maradék besamellel, és megszórjuk a sajtokkal.', 13),
(55, 7, 'Mehet az egész, az előmelegített sütőbe, és 40 perc alatt készre sütjük. Akkor van kész, ha szépen megpirult a sajt, és körben kicsit bugyog a ragu oldalt.', 13),
(56, 8, 'A vajat megolvasztjuk, és rászórjuk a lisztet, amit gyorsan elkeverünk.', 13),
(57, 9, 'Apránként hozzáöntjük a szobahőmérsékletű tejet mindaddig, amíg egy nem túl folyós mártást kapunk.', 13),
(58, 10, 'Sózzunk-borsozzunk ízlésünknek megfelelően, és kevés szerecsendiót is reszeljünk az egészre.', 13),
(64, 1, 'A tejből, sóból, cukorból és búzadarából sűrű tejbegrízt főzünk, majd hozzáadjuk a vaj felét és elkeverjük. Egy tálba öntjük, felszínére frissentartó fóliát nyomunk (hogy ne bőrösödjön), majd hagyjuk teljesen kihűlni.', 17),
(65, 2, 'A diót durvára daráljuk. Egy serpenyőben felolvasztjuk a vaj másik felét, majd beleszórjuk a zsemlemorzsát, diót és fahéjat. Közepes lángon aranybarnára pirítjuk az egészet.', 17),
(66, 3, 'A kihűlt tejbegrízből vizes kézzel gombócokat formázunk. Ha van, használjunk ehhez fagylaltszedő kanalat. A gombócokat megforgatjuk a diós morzsában, majd a málnaszósszal tálaljuk.', 17),
(67, 4, 'A málnát, cukrot és balzsamecetet egy kis fazékban összefőzzük nagyjából 5-7 perc alatt, majd ezzel tálaljuk a gombócokat.', 17),
(68, 1, 'A kekszet késes robotgépben homokszerű morzsává aprítjuk, majd kettészedjük 1/3 : 2/3 arányban', 18),
(69, 2, 'A mascarponét, a habtejszínt, az édesítőszert és a habfixálót egy nagyobb tálba kimérjük, majd kézi habverővel felverjük. Hozzáforgatjuk a kekszmorzsa 2/3-át: dolgozzunk nagy, levegős mozdulatokkal, hogy a morzsa jól elkeveredjen, de a hab ne essen össze. A kész krémet töltsük habzsákba.', 18),
(70, 3, 'A maradék kekszmorzsát forgassuk össze a megolvasztott vajjal, valamint egy nagy csipet sóval.', 18),
(71, 4, 'Jöhet a rétegezés: a kiválaszott poharak/kelyhek aljára tegyünk 2-2 kanállal a vajas kekszmorzsából, majd nyomjunk rá egy réteg kekszes krémet. Erre jöhet pár kanálka apróra vágott eper, majd egy újabb réteg krém.', 18),
(72, 5, 'A tetejét díszítsük kekszmorzsával, eperrel és frissen vágott mentával. Akár egy-egy szem kekszet is nyomhatunk a tetejükbe, úgy még csinosabbak lesznek a pohárkrémek.', 18),
(73, 1, 'A darált kekszet tegyük egy nagy tálba.', 19),
(74, 2, 'Egy külön edényben olvasszuk meg a vajat, majd adjuk hozzá a tejet, a kávét (vagy a rum aromát) és a porcukrot. Keverjük jól össze, amíg a porcukor feloldódik.', 19),
(75, 3, 'Keverjük össze a masszát: Öntsük a folyékony keveréket a darált kekszhez. Adjuk hozzá a kakaóport is, majd alaposan keverjük össze az egészet, amíg homogén masszát nem kapunk.', 19),
(76, 4, 'A masszából formázzunk kis golyókat, körülbelül diónyi méretűeket.', 19),
(77, 5, 'A kész golyókat forgassuk meg a kókuszreszelékben, hogy szép kókuszos burkot kapjanak.', 19),
(78, 6, 'Tedd a kókuszgolyókat egy tálcára, és helyezzük őket a hűtőbe legalább 1-2 órára, hogy megdermedjenek.', 19),
(79, 7, 'Miután megdermedtek, már tálalhatjuk is őket.', 19),
(88, 1, 'Az olajat egy fazékba öntjük, majd hozzáadjuk a felkockázott hagymát. Alacsony lángon, fedő alatt üvegesre dinszteljük. Hozzáadjuk a meghámozott, kockákra vágott burgonyát és a megmosott, durvára aprított medvehagymát is.', 25),
(89, 2, 'A zöldségeket felöntjük az alaplével, majd elkeverjük és fűszerezzük az edény tartalmát. Felforraljuk, majd fedő alatt, közepes lángon addig főzzük a levest, míg a burgonya meg nem puhul.', 25),
(90, 3, 'A levest botmixerrel teljesen simára dolgozzuk. Igény szerint hígíthatjuk további alaplével. A fazekat lehúzzuk a tűzről, hozzáöntjük, majd elkeverjük benne a tejszínt. Sajtos pirítóssal vagy más ropogós elemmel tálaljuk.', 25),
(91, 1, 'A kekszet egy késes aprítóba tesszük a cukorral és sóval, majd simára dolgozzuk. Hozzákeverjük az olvasztott vajat: olyan állagot kell kapnunk, mint a nedves homok.', 26),
(92, 2, 'Egy tálba tesszük a túrót, tejfölt, porcukrot, vaníliás cukrot, sót, citromhéjat és -levet, majd kézi robotgéppel tetszőleges állagúra dolgozzuk (hagyhatjuk kicsit darabosabbra is, ha úgy szeretjük).', 26),
(93, 3, 'A tejszínt felmelegítjük egy kis lábosban (ne forraljuk fel). A zselatinlapokat hideg vízbe áztatjuk, majd 2-3 perc múlva, ha megszívják magukat, kinyomkodjuk őket és feloldjuk a felmelegített tejszínben. A zselatinos tejszínt a túrókrémhez adjuk, majd elkeverjük.', 26),
(94, 4, 'Egy tálba tesszük a cukrot és citromhéjat, majd a kezünkkel 1-2 percig morzsoljuk a keveréket, míg az aromássá nem válik. Ekkor hozzáadjuk a tojássárgájákat és keményítőt, majd az egészet simára keverjük egy habverővel.', 26),
(95, 5, 'A citromlevet egy lábasban felmelegítjük (ne legyen forró, csak meleg), majd fokozatosan, egy szűrőn keresztül a tojásos alaphoz öntjük, amit közben folyamatosan keverünk. Így hőkiegyenlítést végzünk és a citromkrém nem fog kicsapódni.', 26),
(96, 6, 'A citromos-tojásos keveréket visszaöntjük a lábasba, majd közepes-alacsony lángon, folyamatos kevergetés mellett sűrű krémet főzünk belőle. Egy tálba öntjük, a felületére frissentartó fóliát nyomunk (hogy ne bőrösödjön), majd hűtőben hagyjuk teljesen kihűlni. Ha azt látjuk, hogy a krémünk túl híg, adjunk hozzá még melegen két beáztatott, kinyomkodott lapzselatint.', 26),
(97, 7, 'Egy 18-20 centiméter átmérőjű, kapcsos tortaforma alját kibéleljük sütőpapírral (a legegyszerűbb, ha odacsípjük a papírt a tortaforma oldalával, majd bezárjuk a kapcsot). A formába szórjuk a kekszes alapot, majd egy pohárral lenyomkodjuk, tömörítjük.', 26),
(98, 8, 'A kekszrétegen elegyengetjük a túrókrémet, majd leöntjük a kihűlt citromkrémmel. Minimum 3-4 órára hűtőbe tesszük dermedni, de akár egy egész éjszakát is adhatunk neki. A forma tetejét fedjük le frissentartó fóliával, hogy a tortát ne érjék kellemetlen szagok a hűtőben.', 26),
(99, 9, 'A kész tortát díszítsük opcionálisan habcsókkal, tejszínhabbal, citromkarikákkal, citromhéjjal vagy mentával.', 26),
(107, 1, 'Elkészítjük a pitetésztát: a lisztet, a mandulalisztet a vajjal és porcukorral elmorzsoljuk, hozzáadjuk a tojások sárgáját, tésztává gyúrjuk, ha kell pici hideg vizet adhatunk a tésztához.', 34),
(108, 2, 'Nagyjából összegyúrjuk, folpackba csomagolva hűtőbe tesszük minimum fél órára pihenni.', 34),
(109, 3, 'Addig elkészítjük a tölteléket: A tojásokat az édesítővel enyhén kihabosítjuk, hozzáadjuk a narancsok kifacsart levét, a citromlevet, a narancsok héját.', 34),
(110, 4, 'A krémhez a tejszínt laza habbá verjük. A tojásokat a cukorral enyhén kihabosítjuk. Ehhez hozzákeverjük a narancsok lereszelt héját és kifacsart levét, illetve a citromlevet. Végül beleforgatjuk a laza habbá vert tejszínt. Fel órára hűtőbe tesszük pihenni.', 34),
(111, 5, 'Ezalatt elősütjük a tésztát. Kinyújtjuk, formában 175 fokon megszúrkálva 12 perc alatt elősütjük, lekenhetjük tojással, hogy később a töltelék biztosan ne áztassa el a tésztát. Ebbe beleöntjük a híg tölteléket 130 fokon 1 óra 20 percig sütjük légkeverésen.', 34),
(112, 1, 'Az étcsokit gőz felett megolvasztjuk, kikenjük vele a tojás alakú szilikonformát. Dermedésig hűtőbe tesszük.', 35),
(113, 2, 'Közben elkészítjük a mousse-t: az epret felfőzzük, leturmixoljuk. A hideg vízbe beáztatott zselatinlapokat a meleg eperpürében elkeverjük.', 35),
(114, 3, 'A tojásfehérjét a cukorral gőz felett melegítjük, kemény habbá verjük, a tejszínt 80%-osra felverjük.', 35),
(115, 4, 'A tejszínhez keverjük az eperpürét, végül óvatosan a fehérjehabot.', 35),
(116, 5, 'Betöltjük a csokitojásokat, kifagyasztjuk.', 35),
(117, 1, 'Az 5 tojássárgáját a cukorral, a forró vízzel kikeverjük kb. fél óráig (géppel 4 percig). Hozzáadjuk a kakaót, majd a sütőporral elkevert lisztet, végül óvatosan belekeverjük a habbá vert fehérjét.', 36),
(118, 2, 'Tepsibe öntjük, megsütjük. Első 10 percben 220c-fokon, és ne nyissuk ki eddig a sütő ajtaját. Majd csökkentsük a hőt 200 c-fokra. Tűpróbát végezzünk.', 36),
(119, 3, 'Amíg sül, készítsük el a krémet!', 36),
(120, 4, 'Miután kihűlt a tészta, kiszaggatjuk, és félbevágjuk. A félbevágott sütiket megkenjük a krémmel, tetejét, oldalát is bekenve, majd kókuszreszelékben megforgatjuk.', 36),
(121, 5, 'Tetejét is vékonyan bekenjük, és a karamellizált dióból tegyünk mindegyik tetejére. Hűtőben tartsuk. Jó étvágyat!!', 36),
(122, 6, 'A tejet a liszttel simára keverjük, felfőzzük állandó kavarás mellett. A vajat a porcukorral, a vaníliás cukorral jól elkeverjük. Majd a kihűlt tejes masszával vegyítjük. Simára keverjük.', 36),
(123, 7, 'A diót kisebb darabokra vagdossuk. A cukrot megolvasztjuk, és rászórjuk a diót úgy, hogy jól bevonja a máz mindenhol. Át is keverhetjük az olvasztott cukorban.', 36),
(124, 1, 'Elsőként elkészítjük a ganache-t: a cukormentes étcsokoládét a tejszínnel és vajjal mikróban összemelegítjük, jól elkeverjük. Hűtőbe tesszük hűlni, amíg elkészítjük a tortapiskótát.', 37),
(125, 2, 'A piskótához a tojásokat kettéválasztjuk. A piskótához a cukormennyiség felére lesz szükségünk, 80 grammra. A fehérjét 60 g cukorral kemény habbá verjük, a sárgáját a maradék édesítővel fehéredésig habosítjuk. A szárazanyagokat alaposan összekeverjük.', 37),
(126, 3, 'A kész tojásfehérjéhez a sárgáját hozzákeverjük, majd apránként a habot nem összetörve a szárazanyagokat hozzászitáljuk, elkeverjük. Nem kell tejesen homogénre keverni, mikor a forró vizet és az olajat is hozzáadjuk a tésztához.', 37),
(127, 4, 'Alaposan, de nagyon óvatosan elkészítjük a tésztát, 8 cm-es mini kerek formában 175 fokos előmelegített sütőben 25 perc alatt megsütjük, tűpróbával ellenőrízzük.', 37),
(128, 5, 'A kész piskótát kihűtjük, ha púpos a teteje, leegyenesítjük, majd háromba vágjuk.', 37),
(129, 6, 'A lehűlt ganache-t robotgéppel kihabosítjuk. Elkészítjük a piskótaszirupot: a likőrt, narancslevet és a maradék édesítőt összeforraljuk.', 37),
(130, 7, 'Összeállítjuk a tortát: a piskótákat meglocsoljuk a sziruppal, a krémmel rétegezzük.', 37),
(131, 8, 'A tortát a krémmel burkoljuk be, darált dióval panírozzuk az oldalát, illetve ízlés szerint díszítjük, dióval, csokoládédísszel stb.', 37),
(132, 1, 'A hagymát megpucoljuk. A zöldségeket megtisztítjuk és feldaraboljuk. A sonkalevet feltesszük főni a zöldségekkel, sóval és borssal: ha felforrt, beletesszük a maceszgombócokat és mindent puhára főzünk.', 38),
(133, 2, 'A maceszt összetörjük egy konyharuhában, míg finom, de enyhén darabos állaga nem lesz. Elkeverjük a sóval, borssal és aprított medvehagymával.', 38),
(134, 3, 'A száraz alaphoz adjuk a felvert tojásokat, olajat és szódavizet, majd egységes, nem túl ragacsos masszát keverünk. 30 percig pihentetjük, ez idő alatt jól megszívja magát.', 38),
(135, 4, 'A pihentetett masszából vizes kézzel tetszőleges méretű gombócokat formázunk, majd a gyöngyöző levesbe engedjük őket. 30 perc alatt készre főzzük a levesben a gombócokat (mérettől függően).', 38),
(136, 5, 'Tálalás előtt a levest leszűrjük, majd a tiszta levet a főtt zöldségekkel és egy-két gombóccal tálaljuk.', 38),
(137, 1, 'A cukrot érdemes előzetesen elmorzsolni a reszelt citromhéjjal, így sokkal intenzívebb íze lesz. A tészta hozzávalóit a tej kivételével egy nagy keverőtálba tesszük, majd kézzel vagy robotgéppel elkezdjük összedolgozni.', 39),
(138, 2, 'Amikor már morzsás, hozzáadunk annyi tejet, amennyitől már szépen összeáll a tészta, majd az egészet egyneműre gyúrjuk és 5-10 perc alatt fényesre dagasztunk.', 39),
(139, 3, 'Szobahőmérsékleten kb. 40 percet hagyjuk kelni, elég a 1.5-szeresére keleszteni, nem kell a duplájára.', 39),
(140, 4, 'A puha vajat egy tálkába kimérjük a porcukorral, ízlés szerint adunk hozzá vaníliát, majd az egészet teljesen egyneműre keverjük egy villa segítségével.', 39),
(141, 5, 'A megkelt tésztát aztán enyhén lisztes felületen fél centi vékony téglalappá nyújtjuk. A vajkrém 80%-ával megkenjük a kinyújtott tésztát, ügyelve rá, hogy egyneműen szétoszlassuk az egészet, mert úgy kapunk egyforma csigákat.', 39),
(142, 6, 'A megkent tésztát szorosan feltekerjük, majd feldaraboljuk. Érdemes először levágni a két végét, hogy szabályos és egyforma csigákat kapjunk - ezt külön egy kis tálkában süssük ki, kb. egy adagra elegendő így. A maradék tekercset pedig vágjuk 7 ugyanakkora csigára.', 39),
(143, 7, 'Egy kb. 20 centi átmérőjű sütőtálat vagy zománcos edény vajazzunk ki, majd szórjuk ki cukorral is. Ebbe jöhetnek aztán a csigák, mégpedig úgy, hogy egyet középre teszünk, a többit pedig eköré. Ha ezzel megvagyunk, lefedve hagyjuk további 15-20 percet kelni.', 39),
(144, 8, 'Végül kenjük meg a csigák tetejét a maradék vajkrémmel, majd az egész mehet a sütőbe: 180 fokon sütjük 20 percig.', 39),
(145, 9, 'Amíg sülnek a csigák, a tejszínt egy kis forralóban összemelegítjük a cukorral és a vaníliával.', 39),
(146, 10, 'A 20 perc leteltével a félig megsült csigákat kivesszük a sütőből és meglocsoljuk a tetejüket a tejszínnel. Ezután mehet is vissza a sütőben további 15 percre.', 39),
(147, 11, 'A kész Ferdinánd tekercset hagyjuk pár percet pihenni, majd neki is eshetünk a langyos vaníliás csigáknak!', 39),
(148, 1, 'Hagymát hosszú csíkokra vágva megdinszteljük, majd mehet rá a fokhagyma és burgonya egy löttyintésnyi fehérborral és fűszerekkel.', 40),
(149, 2, 'Felöntjük vízzel és a kucsmagombát 20 percig (!) főzzük, hozzáadjuk a tejszínt.', 40),
(150, 3, 'Már levéve a tűzről, a podagrafüvet citromlével tegyük hozzá a már elkészült leveshez.', 40),
(151, 1, 'A sóból és vízből oldatot keverünk.', 41),
(152, 2, 'A savanyúsághoz csak tiszta, ép, jó állapotú zöldséget használjunk. Minden olyan részt, levelet vagy szárat, ami fonnyadt, rohadt, távolítsuk el.', 41),
(153, 3, 'A zöldségeket és leveleket alaposan megmossuk. A répát karikázzuk, az uborkát és retket közepes darabokra vágjuk. A leveleket egészben is hagyhatjuk, de fel is apríthatjuk.', 41),
(154, 4, 'A tiszta zöldségeket és leveleket felöntjük a sóoldattal, majd szobahőmérsékleten két óráig állni hagyjuk.', 41),
(155, 5, 'A szósz összes hozzávalóját egy késes aprítóban simára dolgozzuk.', 41),
(156, 6, 'A sóoldatban áztatott zöldségeket leszűrjük, majd egy tálba tesszük. Rájuk öntjük a szószt, majd az egészet alaposan átmasszírozzuk.', 41),
(157, 7, 'A savanyúságot egy sterilizált üvegbe tesszük úgy, hogy a zöldségek minél szorosabban legyenek az edénybe nyomva, minél kevesebb levegő maradjon köztük. Lenyomkodjuk, így a zöldségek nagy része a szószréteg alá kerül majd, és a fermentálás biztonságosan mehet végbe.', 41),
(158, 8, 'A savanyúságot egy napig szobahőmérsékleten hagyjuk, majd hűtőbe tesszük és további 5-7 napig érleljük. Kóstolással döntsünk afelől, hogy mikor fogyasztjuk el. A savanyúság frissen a legjobb, de hűtőben két-három hétig eláll.', 41),
(161, 1, 'A tojásokat szétválasztjuk. Egy lábosban vizet forralunk, majd ha a víz már forr, ráhelyezünk egy hőálló tálat és takarékra vesszük a lángot, hogy a víz csak gyöngyözzön. A tálba tesszük a sárgáját és a cukor felét, amit egy kézi robotgéppel, közepes fokozaton verni kezdünk, így gőz fölött pasztörizálva a nyers tojást. 5-7 perc folyamatos keverés után a keverék világossárga és légies lesz: ekkor készült el. Kissé hagyjuk kihűlni.', 46),
(162, 2, 'Egy nagy keverőtálba öntjük a cukros sárgáját, majd három adagban robotgéppel hozzákeverjük a mascarponét.', 46),
(163, 3, 'A fehérjéket és egy csipet sót robotgéppel elkezdünk közepes fokozaton felverni. Amikor a tojás fehéredni és habosodni kezd, fokozatosan hozzáadjuk a cukrot. Magas fokozaton kemény habbá verjük.', 46),
(164, 4, 'A mascarponés alapkrémhez adjuk a tojáshab harmadát, majd határozott mozdulatokkal belekeverjük, ezzel fellazítva a krémet. A maradék fehérjét két részletben, óvatosan forgatva adjuk a masszához.', 46),
(165, 5, 'Egy nagyobb kerámiaedény, tepsi vagy jénai aljában eloszlatunk egy vékony réteg mascarponekrémet. Erre jöhet egy réteg kávéban megmártott babapiskóta, amit megkenünk egy vastag réteg krémmel. Újabb réteg kávés piskóta következik, amit felül csak vékonyan kenünk meg krémmel. A maradék mascarponét habzsákba töltjük és kis cseppekkel dekoráljuk a sütemény felszínét.', 46),
(166, 6, 'A tiramisut egy éjszakára, de legalább 3 órára a hűtőbe tesszük pihenni. Tálalás előtt megszórjuk kakaóporral, majd kockákban szervírozzuk.', 46),
(167, 1, 'Egy tálban kihabosítjuk szobahőmérsékletű vajat a cukorral. Ha megvan hozzáadjuk a kávét, a vaníliapasztát, tojást, 1 narancs levét és reszelt héjának felét ( a másik felét félretesszük a tálaláshoz).', 47),
(168, 2, 'Egy másik tálban kimérjük a lisztet és elkeverjük benne a sütőport.', 47),
(169, 3, 'A száraz és nedves hozzávalókat vegyítjük.', 47),
(170, 4, '2 szufléformában eloszlatjuk a keveréket és 180 fokos sütőben tűpróbáig, kb. 20 percig sütjük.', 47),
(171, 5, 'A kihűlt sütik tetejére tálalás előtt tejhabot készítünk, hogy igazán fancy legyen. Jöhet rá a maradék reszelt narancshéj is.', 47),
(172, 1, 'A hagymákat közepes méretűre vágjuk.', 48),
(173, 2, 'Az olívaolajat alacsony lángon közepes méretű edényben melegítjük.', 48),
(174, 3, 'A hagymákat továbbra is alacsony lángon dinszteljük egy kevés só társaságában.', 48),
(175, 4, 'Amikor szép üvegesek a hagymák, levesszük a tűzről és hozzákeverjük a lisztet.', 48),
(176, 5, 'Rögtön a liszt után jöhet a víz, szépen apránként lassan kevergetve.', 48),
(177, 6, 'Forrás után a legalacsonyabb hőfokon fél órát főzzük.', 48),
(178, 7, 'Botmixerrel alaposan átdolgozzuk.', 48),
(179, 8, 'Hozzáadjuk a tejszínt.', 48),
(180, 9, 'Ízlés szerint sóval és borssal ízesítjük.', 48),
(181, 10, 'Újraforrásig melegítjük, kevergetjük, majd levesszük a tűzről.', 48),
(182, 1, 'A sütőnket előmelegítjük 200 fokra. A spárgák végeit letörjük, hogy csak a zsenge részek maradjanak. A hagymát meghámozzuk és félkarikákra vágjuk, a fokhagymát tisztítás után aprítjuk.', 49),
(183, 2, 'Egy sütőben is használható fazekat vagy edényt a tűzhelyre teszünk, beleöntjük az olajat, majd 3-5 perc alatt megpároljuk rajta a hagymát. Hozzáadjuk az aprított fokhagymát, 1-2 percig pirítjuk, majd jöhet a rizs is, amit szintén elkeverünk.', 49),
(184, 3, 'A rizses-hagymás alapot felöntjük az alaplével, majd beledobjuk a kockázott vajat és belereszeljük a parmezán felét. Ízlés szerint sózzuk-borsozzuk. A rizottó felszínén egy rétegben elrendezzük a spárgaszálakat.', 49),
(185, 4, 'Az edény alatt elzárjuk a lángot, majd az egészet szorosan lefedjük alufóliával. Az előmelegített sütőbe toljuk, ahol 25 perc alatt készre sütjük. A rizs legyen puha, a víz nagy része pedig szívódjon fel.', 49),
(186, 5, 'Ekkor kivesszük az edényt a sütőből, eltávolítjuk róla a fóliát és ráreszeljük a maradék sajtot is. Közben a sütőnk hőfokát 250 fokra növeljük és felső sütési vagy grillfunkcióra váltunk. Visszatesszük és 5 perc alatt rápirítunk a rizottóra. A felszíne legyen szép aranybarna.', 49),
(187, 6, 'A rizottót azon melegében, friss, aprított zöldfűszerrel meghintve tálaljuk.', 49),
(188, 1, 'A lisztet egy nagy tálba öntjük, hozzáadjuk a cukrot, a sót és a tojásokat.', 50),
(189, 2, 'A margarint és a tejfölt a mikróban szobahőmérsékletűre melegítjük, és a tejfölbe belekeverjük az élesztőt. Majd mindent hozzáadunk a liszthez. Átgyúrjuk, és hagyjuk kelni kb. 1-2 órát.', 50),
(190, 3, 'Pihenés után párszor hajtogatva kinyújtjuk kb. 2 ujjnyi vastagra, és kiszaggatjuk. Tetejét megkenjük tojással, és sajtot szórunk rá. Előmelegített sütőben kb.15 perc alatt megsütjük.', 50),
(191, 1, 'A tojásokat, az uborkákat, a paprikát, sonkát apró kockákra vágjuk.', 51),
(192, 2, 'Hozzáadjuk a tartármártást és összekeverjük.', 51),
(193, 3, 'A zselatint 1 dl hideg vízben 30- 40 percig dagadni hagyjuk.', 51),
(194, 4, '1,5 dl vízben a leveskockát felforraljuk, ráöntjük a hideg vízben áztatott zselatinra. Addig kavarjuk, míg a zselatin folyékonnyá nem vált (ha nem akar olvadni, meleg víz felett kell kevergetni).', 51),
(195, 5, 'Összekeverjük a majonézes salátával, őzgerincformába öntjük és hűtőben legalább 5 órát hűtjük.', 51);

-- --------------------------------------------------------

--
-- Tábla szerkezet ehhez a táblához `mertekegyseg`
--

CREATE TABLE `mertekegyseg` (
  `Mid` int(11) NOT NULL,
  `MertekegysegNev` varchar(20) NOT NULL
) ENGINE=InnoDB DEFAULT CHARSET=utf8 COLLATE=utf8_hungarian_ci;

--
-- A tábla adatainak kiíratása `mertekegyseg`
--

INSERT INTO `mertekegyseg` (`Mid`, `MertekegysegNev`) VALUES
(1, 'teáskanál'),
(2, 'evőkanál'),
(3, 'csésze'),
(4, 'l'),
(5, 'dl'),
(6, 'ml'),
(7, 'cl'),
(8, 'g'),
(9, 'dkg'),
(10, 'kg'),
(11, 'mg'),
(12, 'csipet'),
(13, 'db'),
(14, 'szelet'),
(15, 'marék'),
(16, 'csomag'),
(17, 'üveg'),
(18, 'doboz'),
(19, 'csomó'),
(20, 'rúd'),
(21, 'lap'),
(22, 'tepsi'),
(23, 'adag'),
(94, 'csepp'),
(95, 'gerezd'),
(96, 'csokor'),
(97, 'filter'),
(98, 'tábla'),
(99, 'konzerv'),
(100, 'fej');

-- --------------------------------------------------------

--
-- Tábla szerkezet ehhez a táblához `mertekegyseg_hozzavalo`
--

CREATE TABLE `mertekegyseg_hozzavalo` (
  `M_id` int(11) NOT NULL,
  `H_id` int(11) NOT NULL
) ENGINE=InnoDB DEFAULT CHARSET=utf8 COLLATE=utf8_hungarian_ci;

--
-- A tábla adatainak kiíratása `mertekegyseg_hozzavalo`
--

INSERT INTO `mertekegyseg_hozzavalo` (`M_id`, `H_id`) VALUES
(10, 3),
(9, 3),
(10, 7),
(8, 7),
(9, 7),
(10, 8),
(8, 8),
(9, 8),
(8, 9),
(1, 9),
(12, 9),
(8, 10),
(1, 10),
(12, 10),
(6, 11),
(5, 11),
(2, 11),
(6, 12),
(5, 12),
(4, 12),
(6, 13),
(5, 13),
(4, 13),
(8, 14),
(9, 14),
(13, 15),
(10, 16),
(13, 16),
(8, 17),
(2, 17),
(6, 18),
(94, 18),
(8, 19),
(2, 19),
(8, 20),
(14, 20),
(8, 21),
(10, 21),
(10, 22),
(13, 22),
(8, 23),
(10, 23),
(6, 24),
(5, 24),
(13, 25),
(10, 25),
(6, 26),
(5, 26),
(8, 27),
(9, 27),
(6, 28),
(2, 28),
(8, 29),
(9, 29),
(6, 31),
(2, 31),
(13, 32),
(8, 33),
(95, 33),
(8, 34),
(13, 34),
(8, 35),
(96, 35),
(8, 36),
(96, 36),
(8, 37),
(14, 37),
(10, 38),
(13, 38),
(10, 39),
(8, 39),
(8, 40),
(10, 40),
(8, 41),
(2, 41),
(8, 42),
(1, 42),
(8, 43),
(16, 43),
(8, 44),
(9, 44),
(8, 45),
(2, 45),
(8, 46),
(10, 46),
(13, 47),
(10, 47),
(13, 48),
(10, 48),
(13, 49),
(8, 50),
(1, 50),
(8, 51),
(97, 51),
(8, 52),
(2, 52),
(8, 53),
(9, 53),
(8, 54),
(9, 54),
(8, 55),
(9, 55),
(8, 56),
(98, 56),
(6, 57),
(94, 57),
(8, 58),
(9, 58),
(8, 59),
(9, 59),
(8, 60),
(6, 61),
(5, 61),
(6, 62),
(5, 62),
(8, 63),
(99, 63),
(8, 64),
(99, 64),
(13, 65),
(16, 65),
(8, 66),
(16, 66),
(8, 67),
(100, 67),
(8, 68),
(100, 68),
(8, 69),
(10, 69),
(8, 70),
(10, 70),
(8, 71),
(99, 71),
(8, 72),
(2, 72),
(6, 73),
(5, 73),
(6, 74),
(5, 74),
(8, 75),
(2, 75),
(8, 76),
(2, 76),
(8, 77),
(2, 77),
(6, 78),
(5, 78),
(10, 79),
(13, 79),
(10, 80),
(13, 80),
(10, 81),
(13, 81),
(10, 82),
(13, 82),
(10, 83),
(13, 83),
(8, 84),
(10, 84),
(8, 85),
(10, 85),
(8, 86),
(10, 86),
(8, 87),
(10, 87),
(10, 88),
(13, 88),
(10, 89),
(13, 89),
(6, 90),
(5, 90),
(4, 90),
(8, 91),
(10, 91),
(8, 92),
(10, 92),
(8, 93),
(9, 93),
(8, 94),
(9, 94),
(13, 95),
(10, 95),
(13, 96),
(10, 96),
(13, 97),
(10, 97),
(8, 98),
(9, 98),
(8, 99),
(9, 99),
(10, 100),
(13, 100),
(10, 101),
(13, 101),
(8, 102),
(9, 102),
(8, 103),
(9, 103),
(6, 104),
(5, 104),
(8, 105),
(9, 105),
(8, 106),
(9, 106),
(8, 107),
(9, 107),
(8, 108),
(9, 108),
(8, 109),
(2, 109),
(13, 110),
(16, 110),
(13, 111),
(10, 111),
(8, 112),
(96, 112),
(8, 113),
(96, 113),
(8, 114),
(96, 114),
(8, 115),
(10, 115),
(8, 116),
(10, 116),
(8, 117),
(10, 117),
(8, 118),
(10, 118),
(8, 119),
(10, 119),
(13, 120),
(10, 120),
(13, 121),
(10, 121),
(8, 122),
(16, 122),
(8, 123),
(9, 123),
(8, 124),
(9, 124),
(8, 125),
(9, 125),
(8, 126),
(16, 126),
(8, 127),
(9, 127),
(8, 128),
(9, 128),
(8, 129),
(9, 129),
(8, 130),
(2, 130),
(13, 131),
(10, 131),
(13, 132),
(10, 132),
(6, 133),
(5, 133),
(2, 133),
(8, 134),
(16, 134),
(1, 135),
(2, 135),
(8, 135),
(12, 135),
(1, 136),
(8, 136),
(96, 136),
(1, 137),
(8, 137),
(96, 137),
(1, 138),
(8, 138),
(96, 138),
(1, 139),
(8, 139),
(12, 139),
(1, 140),
(8, 140),
(12, 140),
(1, 141),
(8, 141),
(12, 141),
(1, 142),
(8, 142),
(12, 142),
(1, 143),
(8, 143),
(12, 143),
(1, 144),
(8, 144),
(96, 144),
(8, 145),
(9, 145),
(10, 145),
(14, 145),
(8, 146),
(9, 146),
(10, 146),
(8, 147),
(9, 147),
(10, 147),
(8, 148),
(9, 148),
(10, 148),
(8, 149),
(9, 149),
(99, 149),
(8, 150),
(9, 150),
(14, 150),
(8, 151),
(9, 151),
(14, 151),
(8, 152),
(9, 152),
(14, 152),
(8, 153),
(2, 153),
(8, 154),
(9, 154),
(13, 154),
(8, 155),
(9, 155),
(13, 155),
(8, 156),
(9, 156),
(13, 156),
(8, 157),
(9, 157),
(13, 157),
(8, 158),
(9, 158),
(13, 158),
(8, 159),
(9, 159),
(14, 159),
(8, 160),
(9, 160),
(14, 160),
(8, 161),
(9, 161),
(10, 161),
(8, 162),
(9, 162),
(14, 162),
(8, 163),
(9, 163),
(2, 163),
(8, 164),
(9, 164),
(2, 164),
(8, 165),
(2, 165),
(17, 165),
(8, 166),
(2, 166),
(17, 166),
(8, 167),
(2, 167),
(17, 167),
(8, 168),
(13, 168),
(10, 168),
(8, 169),
(13, 169),
(10, 169),
(8, 170),
(15, 170),
(8, 171),
(13, 171),
(10, 171),
(8, 172),
(15, 172),
(8, 173),
(9, 173),
(10, 173),
(8, 174),
(9, 174),
(10, 174),
(8, 175),
(9, 175),
(10, 175),
(8, 176),
(9, 176),
(10, 176),
(8, 177),
(9, 177),
(10, 177),
(8, 178),
(15, 178),
(10, 178),
(8, 179),
(9, 179),
(14, 179),
(8, 180),
(9, 180),
(14, 180),
(8, 181),
(9, 181),
(14, 181),
(1, 182),
(8, 182),
(12, 182),
(1, 183),
(8, 183),
(96, 183),
(8, 184),
(15, 184),
(10, 184),
(8, 185),
(15, 185),
(16, 185),
(8, 186),
(15, 186),
(16, 186),
(8, 187),
(15, 187),
(16, 187),
(8, 188),
(13, 188),
(100, 188),
(8, 189),
(13, 189),
(100, 189),
(8, 190),
(9, 190),
(13, 190),
(8, 191),
(9, 191),
(2, 191),
(8, 192),
(9, 192),
(13, 192),
(8, 193),
(9, 193),
(13, 193),
(8, 194),
(13, 194),
(10, 194),
(8, 195),
(13, 195),
(10, 195),
(8, 196),
(9, 196),
(10, 196),
(8, 197),
(13, 197),
(10, 197),
(8, 198),
(13, 198),
(10, 198),
(8, 199),
(9, 199),
(10, 199),
(8, 200),
(9, 200),
(10, 200),
(8, 201),
(9, 201),
(13, 201),
(8, 202),
(9, 202),
(13, 202),
(8, 203),
(9, 203),
(15, 203),
(8, 204),
(9, 204),
(15, 204),
(8, 205),
(9, 205),
(15, 205),
(8, 206),
(9, 206),
(15, 206),
(8, 207),
(9, 207),
(15, 207),
(8, 208),
(9, 208),
(15, 208),
(8, 209),
(9, 209),
(15, 209),
(8, 210),
(9, 210),
(10, 210),
(8, 211),
(9, 211),
(10, 211),
(8, 212),
(9, 212),
(10, 212),
(8, 213),
(9, 213),
(10, 213),
(8, 214),
(9, 214),
(10, 214),
(8, 215),
(9, 215),
(10, 215),
(8, 216),
(9, 216),
(14, 216),
(8, 217),
(9, 217),
(14, 217),
(8, 218),
(9, 218),
(14, 218),
(8, 219),
(9, 219),
(14, 219),
(8, 220),
(9, 220),
(14, 220),
(8, 221),
(9, 221),
(14, 221),
(8, 222),
(9, 222),
(14, 222),
(8, 223),
(9, 223),
(14, 223),
(8, 224),
(9, 224),
(14, 224),
(8, 225),
(9, 225),
(14, 225),
(8, 226),
(9, 226),
(14, 226),
(8, 227),
(9, 227),
(14, 227),
(6, 228),
(5, 228),
(2, 228),
(8, 229),
(9, 229),
(2, 229),
(8, 230),
(9, 230),
(2, 230),
(6, 231),
(5, 231),
(2, 231),
(6, 232),
(5, 232),
(18, 232),
(6, 233),
(5, 233),
(18, 233),
(8, 234),
(9, 234),
(16, 234),
(8, 235),
(13, 235),
(10, 235),
(8, 236),
(13, 236),
(10, 236),
(8, 237),
(13, 237),
(10, 237),
(8, 238),
(13, 238),
(10, 238),
(8, 239),
(13, 239),
(10, 239),
(8, 240),
(13, 240),
(10, 240),
(8, 241),
(13, 241),
(10, 241),
(8, 242),
(13, 242),
(10, 242),
(8, 243),
(13, 243),
(10, 243),
(1, 244),
(8, 244),
(96, 244),
(1, 245),
(8, 245),
(96, 245),
(1, 246),
(8, 246),
(96, 246),
(8, 247),
(15, 247),
(16, 247),
(1, 248),
(8, 248),
(96, 248),
(1, 249),
(8, 249),
(96, 249),
(1, 250),
(8, 250),
(96, 250),
(1, 251),
(8, 251),
(12, 251),
(1, 252),
(8, 252),
(12, 252),
(1, 253),
(8, 253),
(12, 253),
(1, 254),
(8, 254),
(12, 254),
(1, 255),
(8, 255),
(13, 255),
(1, 256),
(8, 256),
(12, 256),
(1, 257),
(8, 257),
(2, 257),
(2, 258),
(8, 258),
(17, 258),
(6, 259),
(2, 259),
(17, 259),
(6, 260),
(5, 260),
(4, 260),
(6, 261),
(2, 261),
(17, 261),
(6, 262),
(2, 262),
(17, 262),
(6, 263),
(2, 263),
(17, 263),
(6, 264),
(2, 264),
(17, 264),
(6, 265),
(2, 265),
(17, 265),
(6, 266),
(5, 266),
(2, 266),
(6, 267),
(5, 267),
(2, 267),
(6, 268),
(5, 268),
(2, 268),
(6, 269),
(5, 269),
(2, 269),
(6, 270),
(5, 270),
(2, 270),
(8, 271),
(9, 271),
(16, 271),
(8, 272),
(9, 272),
(16, 272),
(8, 273),
(9, 273),
(16, 273),
(8, 274),
(9, 274),
(16, 274),
(8, 275),
(9, 275),
(16, 275),
(8, 276),
(9, 276),
(16, 276),
(8, 277),
(9, 277),
(21, 277),
(8, 278),
(9, 278),
(16, 278),
(8, 279),
(9, 279),
(16, 279),
(8, 280),
(9, 280),
(16, 280),
(8, 281),
(9, 281),
(16, 281),
(8, 282),
(9, 282),
(16, 282),
(8, 283),
(9, 283),
(16, 283),
(8, 284),
(9, 284),
(2, 284),
(8, 285),
(1, 285),
(2, 285),
(96, 285),
(8, 286),
(9, 286),
(2, 286),
(13, 286),
(6, 287),
(5, 287),
(4, 287),
(2, 287),
(1, 287),
(10, 288),
(8, 288),
(9, 288),
(14, 288),
(10, 289),
(8, 289),
(9, 289),
(13, 289),
(14, 289),
(8, 290),
(9, 290),
(14, 290),
(8, 291),
(2, 291),
(8, 292),
(9, 292),
(8, 293),
(16, 293),
(8, 294),
(9, 294),
(10, 294),
(8, 295),
(9, 295),
(10, 295),
(8, 296),
(98, 296),
(8, 297),
(98, 297),
(8, 298),
(98, 298),
(8, 299),
(9, 299),
(10, 299),
(8, 300),
(9, 300),
(10, 300),
(8, 301),
(9, 301),
(10, 301),
(8, 302),
(9, 302),
(10, 302),
(8, 303),
(1, 303),
(2, 303),
(6, 304),
(5, 304),
(2, 304),
(10, 305),
(8, 305),
(9, 305),
(13, 305),
(8, 306),
(9, 306),
(10, 306),
(100, 306),
(8, 307),
(9, 307),
(10, 307),
(100, 307),
(8, 308),
(9, 308),
(10, 308),
(100, 308),
(8, 309),
(13, 309),
(10, 309),
(8, 310),
(13, 310),
(10, 310),
(8, 311),
(1, 311),
(2, 311),
(12, 311),
(8, 312),
(1, 312),
(2, 312),
(12, 312),
(20, 312),
(8, 313),
(1, 313),
(12, 313),
(8, 314),
(1, 314),
(12, 314),
(8, 315),
(13, 315),
(8, 316),
(13, 316),
(1, 316),
(8, 317),
(13, 317),
(8, 318),
(13, 318),
(6, 319),
(2, 319),
(94, 319),
(8, 320),
(9, 320),
(14, 320),
(8, 321),
(9, 321),
(6, 322),
(5, 322),
(4, 322),
(6, 323),
(5, 323),
(4, 323),
(6, 324),
(5, 324),
(4, 324),
(8, 325),
(9, 325),
(10, 326),
(8, 326),
(9, 326),
(14, 326),
(8, 327),
(9, 327),
(10, 327),
(8, 328),
(13, 328),
(10, 328),
(8, 329),
(13, 329),
(10, 329),
(8, 330),
(13, 330),
(10, 330),
(8, 331),
(13, 331),
(10, 331),
(13, 332),
(13, 333),
(13, 334),
(13, 335),
(8, 336),
(13, 336),
(10, 336),
(8, 337),
(13, 337),
(10, 337),
(8, 338),
(13, 338),
(10, 338),
(8, 339),
(9, 339),
(10, 339),
(14, 339),
(8, 340),
(9, 340),
(10, 340),
(8, 341),
(13, 341),
(10, 341),
(8, 342),
(9, 342),
(10, 342),
(8, 343),
(9, 343),
(10, 343),
(8, 344),
(13, 344),
(10, 344),
(8, 345),
(13, 345),
(10, 345),
(8, 346),
(13, 346),
(10, 346),
(8, 347),
(9, 347),
(10, 347),
(8, 348),
(9, 348),
(10, 348),
(8, 349),
(9, 349),
(10, 349),
(8, 350),
(9, 350),
(10, 350),
(8, 351),
(9, 351),
(10, 351),
(8, 352),
(9, 352),
(10, 352),
(8, 353),
(9, 353),
(14, 353),
(8, 354),
(9, 354),
(14, 354),
(8, 355),
(9, 355),
(14, 355),
(8, 356),
(9, 356),
(14, 356),
(8, 357),
(9, 357),
(14, 357),
(8, 358),
(9, 358),
(14, 358),
(8, 359),
(9, 359),
(13, 359),
(14, 359),
(8, 360),
(9, 360),
(13, 360),
(14, 360),
(8, 361),
(9, 361),
(13, 361),
(8, 362),
(9, 362),
(13, 362),
(8, 363),
(13, 363),
(10, 363),
(8, 364),
(13, 364),
(10, 364),
(8, 365),
(13, 365),
(10, 365),
(8, 366),
(9, 366),
(10, 366),
(8, 367),
(9, 367),
(10, 367),
(8, 368),
(13, 368),
(10, 368),
(8, 369),
(13, 369),
(10, 369),
(8, 370),
(13, 370),
(10, 370),
(8, 371),
(13, 371),
(10, 371),
(8, 372),
(13, 372),
(10, 372),
(8, 373),
(13, 373),
(10, 373),
(8, 374),
(13, 374),
(16, 374),
(8, 375),
(13, 375),
(10, 375),
(8, 376),
(13, 376),
(10, 376),
(8, 377),
(13, 377),
(10, 377),
(8, 378),
(13, 378),
(10, 378),
(8, 379),
(13, 379),
(10, 379),
(8, 380),
(13, 380),
(10, 380),
(8, 381),
(9, 381),
(10, 381),
(8, 382),
(9, 382),
(8, 383),
(9, 383),
(8, 384),
(13, 384),
(10, 384),
(8, 385),
(13, 385),
(10, 385),
(8, 386),
(13, 386),
(10, 386),
(8, 387),
(13, 387),
(16, 387),
(8, 388),
(13, 388),
(16, 388),
(8, 389),
(13, 389),
(16, 389),
(8, 390),
(9, 390),
(10, 390),
(8, 391),
(9, 391),
(16, 391),
(8, 392),
(9, 392),
(10, 392),
(8, 393),
(9, 393),
(10, 393),
(8, 394),
(9, 394),
(10, 394),
(8, 395),
(9, 395),
(10, 395),
(8, 396),
(21, 396),
(16, 396),
(8, 397),
(21, 397),
(16, 397),
(8, 398),
(9, 398),
(10, 398),
(8, 399),
(9, 399),
(10, 399),
(8, 400),
(9, 400),
(10, 400),
(8, 401),
(9, 401),
(10, 401),
(8, 402),
(13, 402),
(8, 403),
(13, 403),
(8, 404),
(9, 404),
(10, 404),
(8, 405),
(9, 405),
(10, 405),
(8, 406),
(2, 406),
(8, 407),
(1, 407),
(2, 407),
(8, 408),
(2, 408),
(17, 408),
(8, 409),
(2, 409),
(17, 409),
(8, 410),
(2, 410),
(17, 410),
(8, 411),
(2, 411),
(8, 412),
(2, 412),
(17, 412),
(8, 413),
(2, 413),
(17, 413),
(8, 414),
(2, 414),
(17, 414),
(8, 415),
(2, 415),
(17, 415),
(8, 416),
(2, 416),
(17, 416),
(8, 417),
(2, 417),
(8, 418),
(2, 418),
(17, 418),
(8, 419),
(2, 419),
(17, 419),
(8, 420),
(2, 420),
(8, 421),
(2, 421),
(8, 422),
(2, 422),
(17, 422),
(2, 423),
(8, 424),
(2, 424),
(8, 425),
(2, 425),
(8, 426),
(2, 426),
(17, 426),
(8, 427),
(2, 427),
(17, 427),
(8, 428),
(2, 428),
(17, 428),
(6, 429),
(2, 429),
(17, 429),
(6, 430),
(2, 430),
(17, 430),
(6, 431),
(2, 431),
(17, 431),
(6, 432),
(2, 432),
(17, 432),
(6, 433),
(2, 433),
(17, 433),
(6, 434),
(2, 434),
(17, 434),
(6, 435),
(2, 435),
(17, 435),
(6, 436),
(2, 436),
(17, 436),
(8, 437),
(2, 437),
(17, 437),
(8, 438),
(2, 438),
(17, 438),
(8, 439),
(2, 439),
(17, 439),
(8, 440),
(2, 440),
(17, 440),
(8, 441),
(2, 441),
(17, 441),
(8, 442),
(2, 442),
(17, 442),
(8, 443),
(2, 443),
(17, 443),
(8, 444),
(2, 444),
(17, 444),
(8, 445),
(2, 445),
(6, 445),
(8, 446),
(2, 446),
(8, 447),
(2, 447),
(6, 447),
(8, 448),
(2, 448),
(17, 448),
(8, 449),
(2, 449),
(8, 450),
(2, 450),
(6, 450),
(8, 451),
(2, 451),
(6, 451),
(8, 452),
(2, 452),
(6, 452),
(8, 453),
(2, 453),
(6, 453),
(8, 454),
(2, 454),
(6, 454),
(8, 455),
(2, 455),
(6, 455),
(8, 456),
(2, 456),
(6, 456),
(8, 457),
(2, 457),
(6, 457),
(8, 458),
(2, 458),
(8, 459),
(2, 459),
(8, 460),
(2, 460),
(8, 461),
(2, 461),
(8, 462),
(2, 462),
(8, 463),
(2, 463),
(8, 464),
(2, 464),
(8, 465),
(2, 465),
(8, 466),
(2, 466),
(8, 467),
(2, 467),
(8, 468),
(2, 468),
(6, 468),
(8, 469),
(2, 469),
(6, 469),
(8, 470),
(2, 470),
(6, 470),
(8, 471),
(2, 471),
(6, 471),
(8, 472),
(2, 472),
(6, 472),
(8, 473),
(2, 473),
(6, 473),
(8, 474),
(2, 474),
(6, 474),
(8, 475),
(2, 475),
(6, 475),
(8, 476),
(2, 476),
(6, 476),
(8, 477),
(2, 477),
(6, 477),
(8, 478),
(2, 478),
(6, 478),
(8, 479),
(2, 479),
(6, 479),
(8, 480),
(6, 480),
(2, 480),
(8, 481),
(6, 481),
(5, 481),
(2, 481),
(8, 482),
(6, 482),
(2, 482),
(8, 483),
(6, 483),
(2, 483),
(8, 484),
(2, 484),
(8, 485),
(2, 485),
(16, 485),
(8, 486),
(16, 486),
(21, 486),
(8, 487),
(1, 487),
(2, 487),
(8, 488),
(1, 488),
(2, 488),
(8, 489),
(1, 489),
(2, 489),
(8, 490),
(1, 490),
(2, 490),
(8, 491),
(1, 491),
(2, 491),
(8, 492),
(1, 492),
(2, 492),
(8, 493),
(1, 493),
(2, 493),
(8, 494),
(1, 494),
(2, 494),
(8, 495),
(1, 495),
(2, 495),
(8, 496),
(1, 496),
(94, 496),
(8, 497),
(1, 497),
(2, 497),
(12, 497),
(8, 498),
(1, 498),
(2, 498),
(12, 498),
(8, 499),
(1, 499),
(2, 499),
(12, 499),
(8, 500),
(1, 500),
(2, 500),
(12, 500),
(8, 501),
(1, 501),
(2, 501),
(8, 502),
(1, 502),
(2, 502),
(17, 502),
(8, 503),
(1, 503),
(2, 503),
(17, 503),
(8, 504),
(1, 504),
(2, 504),
(12, 504),
(8, 505),
(1, 505),
(2, 505),
(12, 505),
(8, 506),
(1, 506),
(2, 506),
(12, 506),
(8, 507),
(1, 507),
(2, 507),
(12, 507),
(8, 508),
(1, 508),
(2, 508),
(12, 508),
(8, 509),
(1, 509),
(2, 509),
(12, 509),
(8, 510),
(1, 510),
(2, 510),
(12, 510),
(8, 511),
(1, 511),
(2, 511),
(12, 511),
(8, 512),
(1, 512),
(2, 512),
(8, 513),
(1, 513),
(2, 513),
(12, 513),
(8, 514),
(1, 514),
(2, 514),
(12, 514),
(8, 515),
(1, 515),
(2, 515),
(12, 515),
(8, 516),
(1, 516),
(2, 516),
(12, 516),
(8, 517),
(1, 517),
(2, 517),
(12, 517),
(8, 518),
(1, 518),
(2, 518),
(12, 518),
(8, 519),
(1, 519),
(2, 519),
(12, 519),
(8, 520),
(1, 520),
(2, 520),
(12, 520),
(8, 521),
(1, 521),
(2, 521),
(12, 521),
(8, 522),
(1, 522),
(2, 522),
(12, 522),
(8, 523),
(1, 523),
(2, 523),
(12, 523),
(8, 524),
(1, 524),
(2, 524),
(8, 525),
(1, 525),
(2, 525),
(12, 525),
(8, 526),
(1, 526),
(2, 526),
(96, 526),
(8, 527),
(1, 527),
(2, 527),
(96, 527),
(8, 528),
(1, 528),
(2, 528),
(96, 528),
(8, 529),
(1, 529),
(2, 529),
(96, 529),
(8, 530),
(1, 530),
(2, 530),
(96, 530),
(8, 531),
(1, 531),
(2, 531),
(96, 531),
(8, 532),
(1, 532),
(2, 532),
(96, 532),
(8, 533),
(1, 533),
(2, 533),
(96, 533),
(8, 534),
(1, 534),
(2, 534),
(96, 534),
(8, 535),
(1, 535),
(2, 535),
(96, 535),
(8, 536),
(1, 536),
(2, 536),
(96, 536),
(8, 537),
(1, 537),
(2, 537),
(96, 537),
(8, 538),
(1, 538),
(2, 538),
(96, 538),
(8, 539),
(1, 539),
(2, 539),
(96, 539),
(8, 540),
(1, 540),
(2, 540),
(12, 540),
(8, 541),
(1, 541),
(2, 541),
(12, 541),
(8, 542),
(1, 542),
(2, 542),
(12, 542),
(8, 543),
(1, 543),
(2, 543),
(12, 543),
(8, 544),
(1, 544),
(2, 544),
(12, 544),
(8, 545),
(1, 545),
(2, 545),
(12, 545),
(8, 546),
(1, 546),
(2, 546),
(12, 546),
(8, 547),
(1, 547),
(2, 547),
(12, 547),
(8, 548),
(1, 548),
(2, 548),
(12, 548),
(8, 549),
(1, 549),
(2, 549),
(12, 549),
(8, 550),
(1, 550),
(2, 550),
(12, 550),
(8, 551),
(15, 551),
(16, 551),
(8, 552),
(15, 552),
(16, 552),
(8, 553),
(15, 553),
(16, 553),
(8, 554),
(15, 554),
(16, 554),
(8, 555),
(15, 555),
(16, 555),
(8, 556),
(15, 556),
(16, 556),
(8, 557),
(15, 557),
(16, 557),
(8, 558),
(15, 558),
(16, 558),
(8, 559),
(13, 559),
(10, 559),
(8, 560),
(13, 560),
(10, 560),
(8, 561),
(13, 561),
(100, 561),
(8, 562),
(13, 562),
(100, 562),
(8, 563),
(13, 563),
(100, 563),
(8, 564),
(13, 564),
(100, 564),
(8, 565),
(13, 565),
(100, 565),
(8, 566),
(13, 566),
(10, 566),
(100, 566),
(8, 567),
(13, 567),
(10, 567),
(100, 567),
(8, 568),
(15, 568),
(10, 568),
(8, 569),
(13, 569),
(16, 569),
(8, 570),
(13, 570),
(16, 570),
(8, 571),
(13, 571),
(16, 571),
(8, 572),
(13, 572),
(10, 572),
(8, 573),
(13, 573),
(10, 573),
(8, 574),
(13, 574),
(10, 574),
(8, 575),
(13, 575),
(96, 575),
(8, 576),
(95, 576),
(10, 576),
(8, 577),
(13, 577),
(10, 577),
(8, 578),
(13, 578),
(10, 578),
(8, 579),
(13, 579),
(10, 579),
(8, 580),
(13, 580),
(10, 580),
(8, 581),
(13, 581),
(10, 581),
(8, 582),
(13, 582),
(10, 582),
(8, 583),
(13, 583),
(10, 583),
(8, 584),
(13, 584),
(10, 584),
(8, 585),
(13, 585),
(10, 585),
(8, 586),
(13, 586),
(15, 586),
(8, 587),
(13, 587),
(10, 587),
(8, 588),
(13, 588),
(10, 588),
(8, 589),
(13, 589),
(10, 589),
(8, 590),
(13, 590),
(10, 590),
(5, 591),
(6, 591),
(8, 592),
(13, 592),
(10, 592),
(8, 593),
(13, 593),
(10, 593),
(8, 594),
(13, 594),
(96, 594),
(8, 595),
(13, 595),
(10, 595),
(8, 596),
(13, 596),
(10, 596),
(8, 597),
(13, 597),
(10, 597),
(8, 598),
(13, 598),
(10, 598),
(8, 599),
(13, 599),
(10, 599),
(8, 600),
(13, 600),
(10, 600),
(8, 601),
(13, 601),
(10, 601),
(8, 602),
(13, 602),
(10, 602),
(8, 603),
(13, 603),
(10, 603),
(8, 604),
(13, 604),
(10, 604),
(8, 605),
(13, 605),
(10, 605),
(8, 606),
(13, 606),
(10, 606),
(8, 607),
(15, 607),
(10, 607),
(8, 608),
(10, 608),
(8, 609),
(15, 609),
(10, 609),
(8, 610),
(15, 610),
(10, 610),
(8, 611),
(15, 611),
(10, 611),
(8, 612),
(15, 612),
(10, 612),
(8, 613),
(15, 613),
(10, 613),
(8, 614),
(15, 614),
(10, 614),
(8, 615),
(15, 615),
(10, 615),
(8, 616),
(13, 616),
(10, 616),
(8, 617),
(13, 617),
(10, 617),
(8, 618),
(13, 618),
(10, 618),
(8, 619),
(13, 619),
(10, 619),
(8, 620),
(13, 620),
(10, 620),
(8, 621),
(13, 621),
(10, 621),
(8, 622),
(13, 622),
(10, 622),
(8, 623),
(13, 623),
(10, 623),
(8, 624),
(13, 624),
(10, 624),
(8, 625),
(13, 625),
(10, 625),
(8, 626),
(13, 626),
(10, 626),
(8, 627),
(13, 627),
(10, 627),
(8, 628),
(13, 628),
(10, 628),
(8, 629),
(13, 629),
(10, 629),
(8, 630),
(13, 630),
(10, 630),
(8, 631),
(15, 631),
(10, 631),
(8, 632),
(15, 632),
(10, 632),
(8, 633),
(15, 633),
(10, 633),
(8, 634),
(15, 634),
(10, 634),
(8, 635),
(9, 635),
(10, 635),
(8, 636),
(9, 636),
(10, 636),
(8, 637),
(9, 637),
(10, 637),
(8, 638),
(9, 638),
(10, 638),
(8, 639),
(9, 639),
(10, 639),
(8, 640),
(9, 640),
(10, 640),
(8, 641),
(15, 641),
(10, 641),
(8, 642),
(13, 642),
(10, 642),
(8, 643),
(13, 643),
(10, 643),
(8, 644),
(13, 644),
(10, 644),
(8, 645),
(13, 645),
(10, 645),
(8, 646),
(13, 646),
(10, 646),
(8, 647),
(13, 647),
(10, 647),
(8, 648),
(13, 648),
(10, 648),
(8, 649),
(13, 649),
(10, 649),
(8, 650),
(13, 650),
(10, 650),
(8, 651),
(13, 651),
(10, 651),
(8, 652),
(13, 652),
(10, 652),
(8, 653),
(13, 653),
(10, 653),
(8, 654),
(13, 654),
(10, 654),
(8, 655),
(13, 655),
(10, 655),
(8, 656),
(13, 656),
(10, 656),
(8, 657),
(13, 657),
(10, 657),
(8, 658),
(13, 658),
(10, 658),
(8, 659),
(13, 659),
(10, 659),
(8, 660),
(13, 660),
(10, 660),
(8, 661),
(13, 661),
(10, 661),
(8, 662),
(13, 662),
(10, 662),
(8, 663),
(13, 663),
(10, 663),
(8, 664),
(13, 664),
(10, 664),
(8, 665),
(13, 665),
(10, 665),
(8, 666),
(15, 666),
(10, 666),
(8, 667),
(15, 667),
(10, 667),
(8, 668),
(15, 668),
(10, 668),
(8, 669),
(15, 669),
(10, 669),
(8, 670),
(15, 670),
(10, 670),
(8, 671),
(15, 671),
(10, 671),
(8, 672),
(15, 672),
(10, 672),
(8, 673),
(15, 673),
(10, 673),
(8, 674),
(15, 674),
(10, 674),
(8, 675),
(15, 675),
(10, 675),
(8, 676),
(15, 676),
(10, 676),
(8, 677),
(15, 677),
(10, 677),
(8, 678),
(15, 678),
(10, 678),
(8, 679),
(15, 679),
(10, 679),
(8, 680),
(15, 680),
(10, 680),
(8, 681),
(9, 681),
(10, 681),
(8, 682),
(9, 682),
(10, 682),
(8, 683),
(9, 683),
(10, 683),
(8, 684),
(9, 684),
(10, 684),
(8, 685),
(9, 685),
(10, 685),
(8, 686),
(9, 686),
(10, 686),
(8, 687),
(9, 687),
(10, 687),
(8, 688),
(9, 688),
(10, 688),
(8, 689),
(9, 689),
(10, 689),
(8, 690),
(9, 690),
(10, 690),
(8, 691),
(9, 691),
(10, 691),
(8, 692),
(9, 692),
(10, 692),
(8, 693),
(9, 693),
(10, 693),
(8, 694),
(9, 694),
(10, 694),
(8, 695),
(9, 695),
(10, 695),
(8, 696),
(15, 696),
(10, 696),
(8, 697),
(15, 697),
(10, 697),
(8, 698),
(15, 698),
(10, 698),
(8, 701),
(15, 701),
(10, 701),
(8, 702),
(15, 702),
(10, 702),
(8, 703),
(13, 703),
(10, 703),
(8, 704),
(15, 704),
(10, 704),
(8, 705),
(15, 705),
(10, 705),
(8, 706),
(15, 706),
(10, 706),
(8, 707),
(15, 707),
(10, 707),
(8, 708),
(15, 708),
(10, 708),
(8, 709),
(15, 709),
(10, 709),
(8, 710),
(15, 710),
(10, 710),
(8, 711),
(99, 711),
(8, 712),
(99, 712),
(8, 713),
(99, 713),
(8, 714),
(99, 714),
(8, 715),
(99, 715),
(8, 716),
(99, 716),
(8, 717),
(99, 717),
(8, 718),
(99, 718),
(8, 719),
(99, 719),
(8, 720),
(99, 720),
(8, 721),
(99, 721),
(8, 722),
(99, 722),
(8, 723),
(99, 723),
(8, 724),
(99, 724),
(8, 725),
(99, 725),
(8, 726),
(99, 726),
(8, 727),
(99, 727),
(8, 728),
(99, 728),
(8, 729),
(99, 729),
(8, 730),
(16, 730),
(10, 730),
(8, 731),
(16, 731),
(10, 731),
(8, 732),
(16, 732),
(10, 732),
(8, 733),
(16, 733),
(10, 733),
(8, 734),
(16, 734),
(10, 734),
(8, 735),
(16, 735),
(10, 735),
(8, 736),
(16, 736),
(10, 736),
(8, 737),
(16, 737),
(10, 737),
(8, 738),
(16, 738),
(10, 738),
(8, 739),
(16, 739),
(10, 739),
(8, 740),
(16, 740),
(10, 740),
(8, 741),
(16, 741),
(10, 741),
(8, 742),
(16, 742),
(10, 742),
(8, 743),
(16, 743),
(10, 743),
(8, 744),
(16, 744),
(10, 744),
(8, 745),
(16, 745),
(10, 745),
(8, 746),
(16, 746),
(10, 746),
(8, 747),
(16, 747),
(10, 747),
(8, 748),
(16, 748),
(10, 748),
(8, 749),
(16, 749),
(10, 749),
(8, 750),
(16, 750),
(10, 750),
(8, 751),
(16, 751),
(10, 751),
(8, 752),
(16, 752),
(10, 752),
(8, 753),
(16, 753),
(10, 753),
(8, 754),
(16, 754),
(10, 754),
(8, 755),
(16, 755),
(10, 755),
(8, 756),
(16, 756),
(10, 756),
(8, 757),
(16, 757),
(10, 757),
(8, 758),
(16, 758),
(10, 758),
(8, 759),
(9, 759),
(10, 759),
(8, 760),
(9, 760),
(10, 760),
(8, 761),
(9, 761),
(10, 761),
(8, 762),
(9, 762),
(10, 762),
(8, 763),
(9, 763),
(10, 763),
(8, 764),
(9, 764),
(10, 764),
(8, 765),
(9, 765),
(10, 765),
(8, 766),
(9, 766),
(10, 766),
(8, 767),
(9, 767),
(10, 767),
(8, 768),
(9, 768),
(10, 768),
(8, 769),
(9, 769),
(10, 769),
(8, 770),
(9, 770),
(10, 770),
(14, 770),
(8, 771),
(9, 771),
(10, 771),
(14, 771),
(8, 772),
(9, 772),
(10, 772),
(14, 772),
(8, 773),
(9, 773),
(10, 773),
(14, 773),
(8, 774),
(13, 774),
(10, 774),
(8, 775),
(13, 775),
(10, 775),
(8, 776),
(13, 776),
(10, 776),
(8, 777),
(13, 777),
(10, 777),
(8, 778),
(13, 778),
(10, 778),
(8, 779),
(9, 779),
(10, 779),
(8, 780),
(9, 780),
(10, 780),
(8, 781),
(9, 781),
(10, 781),
(8, 782),
(9, 782),
(10, 782),
(8, 783),
(9, 783),
(10, 783),
(8, 784),
(13, 784),
(10, 784),
(8, 785),
(13, 785),
(10, 785),
(8, 786),
(9, 786),
(10, 786),
(8, 787),
(9, 787),
(10, 787),
(14, 787),
(8, 788),
(9, 788),
(10, 788),
(14, 788),
(8, 789),
(9, 789),
(10, 789),
(14, 789),
(8, 790),
(9, 790),
(10, 790),
(14, 790),
(8, 791),
(9, 791),
(10, 791),
(14, 791),
(8, 792),
(9, 792),
(10, 792),
(14, 792),
(8, 793),
(9, 793),
(10, 793),
(14, 793),
(8, 794),
(9, 794),
(10, 794),
(14, 794),
(8, 795),
(9, 795),
(10, 795),
(14, 795),
(8, 796),
(9, 796),
(10, 796),
(14, 796),
(8, 797),
(9, 797),
(10, 797),
(14, 797),
(8, 798),
(9, 798),
(10, 798),
(14, 798),
(8, 799),
(9, 799),
(14, 799),
(8, 800),
(9, 800),
(14, 800),
(8, 801),
(9, 801),
(14, 801),
(8, 802),
(9, 802),
(14, 802),
(8, 803),
(9, 803),
(14, 803),
(8, 804),
(9, 804),
(14, 804),
(8, 805),
(9, 805),
(14, 805),
(8, 806),
(9, 806),
(13, 806),
(8, 807),
(9, 807),
(13, 807),
(8, 808),
(9, 808),
(13, 808),
(8, 809),
(15, 809),
(16, 809),
(8, 810),
(15, 810),
(96, 810),
(8, 811),
(15, 811),
(16, 811),
(8, 812),
(15, 812),
(16, 812),
(8, 813),
(15, 813),
(16, 813),
(8, 814),
(15, 814),
(16, 814),
(8, 815),
(13, 815),
(100, 815),
(8, 816),
(13, 816),
(100, 816),
(8, 817),
(13, 817),
(100, 817),
(8, 818),
(13, 818),
(100, 818),
(8, 819),
(13, 819),
(100, 819),
(8, 820),
(13, 820),
(10, 820),
(8, 821),
(13, 821),
(10, 821),
(8, 822),
(13, 822),
(96, 822),
(8, 823),
(13, 823),
(10, 823),
(8, 824),
(13, 824),
(10, 824),
(8, 825),
(13, 825),
(10, 825),
(8, 826),
(13, 826),
(10, 826),
(8, 827),
(95, 827),
(10, 827),
(8, 828),
(13, 828),
(10, 828),
(8, 829),
(13, 829),
(10, 829),
(8, 830),
(13, 830),
(10, 830),
(8, 831),
(13, 831),
(10, 831),
(8, 832),
(13, 832),
(10, 832),
(8, 833),
(13, 833),
(10, 833),
(8, 834),
(13, 834),
(10, 834),
(8, 835),
(13, 835),
(10, 835),
(8, 836),
(13, 836),
(10, 836),
(8, 837),
(13, 837),
(10, 837),
(8, 838),
(13, 838),
(10, 838),
(8, 839),
(13, 839),
(10, 839),
(8, 840),
(13, 840),
(10, 840),
(8, 841),
(13, 841),
(15, 841),
(8, 842),
(13, 842),
(10, 842),
(8, 843),
(13, 843),
(10, 843),
(8, 844),
(13, 844),
(10, 844),
(8, 845),
(13, 845),
(10, 845),
(8, 846),
(13, 846),
(10, 846),
(8, 847),
(13, 847),
(10, 847),
(8, 848),
(13, 848),
(10, 848),
(8, 849),
(13, 849),
(10, 849),
(8, 850),
(13, 850),
(96, 850),
(8, 851),
(13, 851),
(10, 851),
(8, 852),
(13, 852),
(10, 852),
(8, 853),
(13, 853),
(10, 853),
(8, 854),
(13, 854),
(10, 854),
(8, 855),
(13, 855),
(10, 855),
(8, 856),
(13, 856),
(10, 856),
(8, 857),
(13, 857),
(10, 857),
(8, 858),
(13, 858),
(10, 858),
(8, 859),
(13, 859),
(10, 859),
(8, 860),
(13, 860),
(10, 860),
(8, 861),
(13, 861),
(10, 861),
(8, 862),
(13, 862),
(10, 862),
(8, 863),
(15, 863),
(10, 863),
(8, 864),
(15, 864),
(10, 864),
(8, 865),
(15, 865),
(10, 865),
(8, 866),
(15, 866),
(10, 866),
(8, 867),
(15, 867),
(10, 867),
(8, 868),
(15, 868),
(10, 868),
(8, 869),
(15, 869),
(10, 869),
(8, 870),
(15, 870),
(10, 870),
(8, 871),
(15, 871),
(10, 871),
(8, 872),
(13, 872),
(10, 872),
(8, 873),
(13, 873),
(10, 873),
(8, 874),
(13, 874),
(10, 874),
(8, 875),
(13, 875),
(10, 875),
(8, 876),
(13, 876),
(10, 876),
(8, 877),
(13, 877),
(10, 877),
(8, 878),
(13, 878),
(10, 878),
(8, 879),
(13, 879),
(10, 879),
(8, 880),
(13, 880),
(10, 880),
(8, 881),
(13, 881),
(10, 881),
(8, 882),
(13, 882),
(10, 882),
(8, 883),
(13, 883),
(10, 883),
(8, 884),
(13, 884),
(10, 884),
(8, 885),
(13, 885),
(10, 885),
(8, 886),
(13, 886),
(10, 886),
(8, 887),
(13, 887),
(10, 887),
(8, 888),
(13, 888),
(10, 888),
(8, 889),
(13, 889),
(10, 889),
(8, 890),
(13, 890),
(10, 890),
(8, 891),
(13, 891),
(10, 891),
(8, 892),
(13, 892),
(10, 892),
(8, 893),
(13, 893),
(10, 893),
(8, 894),
(13, 894),
(10, 894),
(8, 895),
(13, 895),
(10, 895),
(8, 896),
(13, 896),
(10, 896),
(8, 897),
(15, 897),
(10, 897),
(8, 898),
(15, 898),
(10, 898),
(8, 899),
(15, 899),
(10, 899),
(8, 900),
(15, 900),
(10, 900),
(8, 901),
(15, 901),
(8, 901),
(15, 901),
(10, 901),
(8, 902),
(15, 902),
(10, 902),
(8, 903),
(15, 903),
(10, 903),
(8, 904),
(15, 904),
(10, 904),
(8, 905),
(15, 905),
(10, 905),
(8, 906),
(15, 906),
(10, 906),
(8, 907),
(15, 907),
(10, 907),
(8, 908),
(15, 908),
(10, 908),
(8, 909),
(15, 909),
(10, 909),
(8, 910),
(15, 910),
(10, 910),
(8, 911),
(15, 911),
(10, 911),
(8, 912),
(9, 912),
(10, 912),
(8, 913),
(9, 913),
(10, 913),
(8, 914),
(9, 914),
(10, 914),
(8, 915),
(9, 915),
(10, 915),
(8, 916),
(9, 916),
(10, 916),
(8, 917),
(9, 917),
(10, 917),
(8, 918),
(9, 918),
(10, 918),
(8, 919),
(9, 919),
(10, 919),
(8, 920),
(9, 920),
(10, 920),
(8, 921),
(9, 921),
(10, 921),
(8, 922),
(9, 922),
(10, 922),
(8, 923),
(9, 923),
(10, 923),
(8, 924),
(9, 924),
(10, 924),
(8, 925),
(9, 925),
(10, 925),
(8, 926),
(9, 926),
(10, 926),
(8, 927),
(9, 927),
(10, 927),
(8, 928),
(9, 928),
(10, 928),
(8, 929),
(9, 929),
(10, 929),
(8, 930),
(9, 930),
(10, 930),
(8, 931),
(16, 931),
(10, 931),
(8, 932),
(16, 932),
(10, 932),
(8, 933),
(16, 933),
(10, 933),
(8, 934),
(16, 934),
(21, 934),
(8, 935),
(16, 935),
(10, 935),
(8, 936),
(16, 936),
(10, 936),
(8, 937),
(16, 937),
(10, 937),
(8, 938),
(16, 938),
(10, 938),
(8, 939),
(9, 939),
(10, 939),
(8, 940),
(16, 940),
(10, 940),
(8, 941),
(16, 941),
(10, 941),
(8, 942),
(16, 942),
(10, 942),
(8, 943),
(16, 943),
(10, 943),
(8, 944),
(16, 944),
(10, 944),
(8, 945),
(16, 945),
(10, 945),
(8, 946),
(16, 946),
(10, 946),
(8, 947),
(16, 947),
(10, 947),
(8, 948),
(13, 948),
(16, 948),
(8, 949),
(13, 949),
(16, 949),
(8, 950),
(13, 950),
(16, 950),
(8, 951),
(13, 951),
(16, 951),
(8, 952),
(13, 952),
(16, 952),
(8, 953),
(17, 953),
(99, 953),
(8, 954),
(17, 954),
(99, 954),
(8, 955),
(17, 955),
(8, 956),
(17, 956),
(8, 957),
(17, 957),
(8, 958),
(17, 958),
(8, 959),
(6, 959),
(17, 959),
(8, 960),
(6, 960),
(17, 960),
(8, 961),
(6, 961),
(17, 961),
(8, 962),
(6, 962),
(17, 962),
(8, 963),
(6, 963),
(17, 963),
(8, 964),
(6, 964),
(17, 964),
(8, 965),
(6, 965),
(17, 965),
(8, 966),
(6, 966),
(17, 966),
(8, 967),
(6, 967),
(17, 967),
(8, 968),
(6, 968),
(17, 968),
(8, 969),
(6, 969),
(17, 969),
(8, 970),
(6, 970),
(17, 970),
(8, 971),
(6, 971),
(17, 971),
(8, 972),
(6, 972),
(17, 972),
(8, 973),
(6, 973),
(17, 973),
(8, 974),
(6, 974),
(17, 974),
(8, 975),
(6, 975),
(17, 975),
(8, 976),
(6, 976),
(17, 976),
(8, 977),
(6, 977),
(17, 977),
(8, 978),
(6, 978),
(17, 978),
(8, 979),
(6, 979),
(17, 979),
(8, 980),
(6, 980),
(17, 980),
(8, 981),
(6, 981),
(17, 981),
(8, 982),
(6, 982),
(17, 982),
(8, 983),
(6, 983),
(17, 983),
(8, 984),
(6, 984),
(17, 984),
(8, 985),
(6, 985),
(17, 985),
(8, 986),
(6, 986),
(17, 986),
(8, 987),
(6, 987),
(17, 987),
(8, 988),
(6, 988),
(17, 988),
(8, 989),
(6, 989),
(17, 989),
(8, 990),
(6, 990),
(17, 990),
(8, 991),
(6, 991),
(17, 991),
(8, 992),
(6, 992),
(17, 992),
(8, 993),
(6, 993),
(17, 993),
(8, 994),
(6, 994),
(17, 994),
(8, 995),
(6, 995),
(17, 995),
(8, 996),
(6, 996),
(17, 996),
(8, 997),
(6, 997),
(17, 997),
(8, 998),
(6, 998),
(17, 998),
(8, 999),
(6, 999),
(17, 999),
(8, 1000),
(6, 1000),
(17, 1000),
(8, 1001),
(13, 1001),
(10, 1001),
(8, 30),
(9, 30),
(8, 22),
(9, 22),
(13, 3),
(13, 608),
(9, 608),
(5, 423);

-- --------------------------------------------------------

--
-- Tábla szerkezet ehhez a táblához `multimedia`
--

CREATE TABLE `multimedia` (
  `Vid` int(10) NOT NULL,
  `URL` varchar(200) NOT NULL,
  `R_id` int(10) NOT NULL
) ENGINE=InnoDB DEFAULT CHARSET=utf8 COLLATE=utf8_hungarian_ci;

--
-- A tábla adatainak kiíratása `multimedia`
--

INSERT INTO `multimedia` (`Vid`, `URL`, `R_id`) VALUES
(11, '1741521103_sajtburgerleves-ragu-leves.jpg', 7),
(12, '1741521577_cukormentes-kokusztekercs.jpg', 8),
(13, '1741522198_Turos-muffin.jpg', 9),
(14, '1741522584_roszti-pizza-kolbasz-mozzarella-paradicsom.jpg', 10),
(15, '1741523032_marvanykuglof-bomba-konyhajabol.jpg', 11),
(16, '1741524063_husos-lasagne.jpg', 13),
(20, '1743583768_Tejbegrizgomboc.jpg', 17),
(21, '1743584067_kekszmousse-villamgyors.jpg', 18),
(27, '1743756164_medvehagyma-kremleves.jpg', 25),
(28, '1743757052_citromos-turotorta-sutes-nelkul.jpg', 26),
(36, '1745310249_sult-narancsszelet.jpg', 34),
(37, '1745310498_csokitojas-epermousse-szal-toltve.jpg', 35),
(38, '1745310892_husveti-holabda-karamellizalt-dioval.jpg', 36),
(39, '1745311630_gluten-es-cukormentes-mini-narancsos-dios-csokoladetorta.jpg', 37),
(40, '1745311969_sonkaleleves-medvehagymas-maceszgomboccal.jpg', 38),
(41, '1745312432_ferdinand-tekercs-kalacs-csiga-csigatorta.jpg', 39),
(42, '1745312853_kucsmagomba-leves-podagrafuvel.jpg', 40),
(43, '1745313418_husveti-maradekmento-savanyusag.jpg', 41),
(47, '1745656005_legegyszerubb-tiramisu.jpg', 46),
(48, '1745656215_narancsos-kaves-suti-jolvanezigy-suti.jpg', 47),
(49, '1745656798_tejszines-vegyes-hagymakremleves.jpg', 48),
(50, '1745657148_spargas-rizotto-sutoben.jpg', 49),
(51, '1745657433_pihe-puha-pogacsa-sajtos-pogacsa-11.jpg', 50),
(52, '1745657913_husveti-vendegvaro-ozgerinc.jpg', 51),
(53, 'Recipe_Placeholder.jpg', 19);

-- --------------------------------------------------------

--
-- Tábla szerkezet ehhez a táblához `recept`
--

CREATE TABLE `recept` (
  `Rid` int(10) NOT NULL,
  `Nev` varchar(100) NOT NULL,
  `Leiras` varchar(500) DEFAULT NULL,
  `Allapot` int(11) NOT NULL,
  `Szakmai` tinyint(1) DEFAULT NULL,
  `Eperc` int(11) NOT NULL,
  `K_id` int(10) NOT NULL,
  `F_id` int(10) NOT NULL,
  `Nehezseg` varchar(60) NOT NULL
) ENGINE=InnoDB DEFAULT CHARSET=utf8 COLLATE=utf8_hungarian_ci;

--
-- A tábla adatainak kiíratása `recept`
--

INSERT INTO `recept` (`Rid`, `Nev`, `Leiras`, `Allapot`, `Szakmai`, `Eperc`, `K_id`, `F_id`, `Nehezseg`) VALUES
(7, 'Sajtburgerleves', 'Elsősorban sajtburgerrajongók figyelmébe ajánljuk az alábbi receptet, ami a kedvelt street food ízeit gondolja újra levesformában - íme, a SAJTBURGERLEVES! Egy sűrű, laktató, raguszerű levesről van szó, ami a darált marhahústól és a burgonyától tartalmas, a tejszíntől és a cheddartól krémes, a tetejéről pedig véletlenül sem maradhat el kevés aprított uborka, csak hogy teljes legyen az ízélmény!', 1, 0, 50, 1, 1, ''),
(8, 'Cukormentes kókusztekercs', 'Keksztekercs vagy kókusztekercs, a lényeg, hogy bármikor megennénk. Most egy nagyon kókuszos, ráadásul cukormentes és vegán verzióban készítettük el. Sütni sem kell, így egy igazán egyszerű és ízletes desszertnek bizonyul.', 1, 0, 30, 3, 1, ''),
(9, 'Túrós muffin', 'Lehengerlően puha piskótával, izgalmas túrókrémmel és hetyke morzsaréteggel vár ez a pofonegyszerű kis sütemény, ami ízeiben a túrógombócot idézi meg. Érdemes jó előre nagyobb adaggal nekifutni a sütésnek, úgyis szükség lesz a duplázásra!', 1, 0, 40, 3, 1, ''),
(10, 'Rösztipizza', 'A rösztipizza alapötlete a svájci rösztiburgonyából ered, amelyet mi most egy olaszos pizzaváltozatban készítünk el, gazdagítva paradicsomszósszal, kolbásszal, mozzarella sajttal és friss bazsalikommal. Ezen kívül variálhatjuk különböző feltétekkel is, például paprika, gomba vagy olajbogyó hozzáadásával, így mindenki megtalálhatja a saját ízlésének megfelelő kombinációt!', 1, 0, 60, 2, 1, ''),
(11, 'Márványkuglóf egyszerűen', 'Családunkban csak „papagáj” néven fut ez a könnyen összedobható kuglóf. Nevét talán színes tésztája miatt kapta: készíthetjük vaníliásan, csokisan, puncsosan (pudingporral), illetve ezek tetszőleges kombinálásával is. A tetejére mi mindig citromos mázat öntöttünk, de enélkül vagy más bevonattal is prezentálható a puha, illatos sütemény.', 1, 0, 50, 3, 1, ''),
(13, 'Húsos lasagne', 'Az olaszok egyik legnépszerűbb rakott tésztája a lasagne, amit sokan sokféleképpen készítenek. A következő verzió egy marhahús ragus, ami igaz, hogy nincs pillanatok alatt készen, de megéri foglalkozni vele, mert igazán finom lesz a végeredmény!', 1, 0, 100, 2, 1, 'Közepes'),
(17, 'Tejbegrízgombóc', 'A legegyszerűbb és leggyorsabb gombócok bizony tejbegrízből készülnek: a sűrű masszából gurított labdacsok morzsában, mákban, dióban is megfürödhetnek, tálalásukhoz pedig sodót, lekvárt vagy más ízes-édes szószt, mártást ajánlunk.', 0, 0, 30, 3, 1, ''),
(18, 'Kekszmousse villámgyorsan', 'Ha szeretitek a könnyen és gyorsan elkészíthető édességeket, akkor ez a kekszmousse lesz az új kedvencetek! A finomra darált kekszmorzsát felvert mascarponéval és tejszínhabbal forgattuk össze, majd eperrel rétegezve poharakba költöztettük. Ráadásul az egész hozzáadottcukor-mentes lett!', 1, 0, 15, 3, 1, ''),
(19, 'Kókuszgolyó kávéval', 'Nagyon finom desszert.', 1, 0, 20, 3, 1, ''),
(25, 'Legegyszerűbb medvehagyma-krémleves', 'Ha eljön tavasszal a medvehagyma szezonja, hetekig mindent az aromás fűszernövénnyel készíthetünk. Aki egy igazán gyors és komfortos receptet keres a zöldséggel, az alábbi krémlevesben találhatja megváltását, ami ráadásul lisztes sűrítés nélkül is isteni állagot kap. Sajtos pirítóssal a legfinomabb.', 1, 0, 25, 1, 1, ''),
(26, 'Citromos túrótorta sütés nélkül', 'Harsányan citromos tető, krémes és aromás túrókrém és gazdag, vajas tortaalap: mindezt természetesen sütés nélkül. Igen, a legegyszerűbb citromos túrótortához nem kell sütő, csupán némi zselatin és egy kis türelem. Az összeállítás gyerekjáték, az elfogyasztás pedig villámgyors lesz, ez garantált!', 1, 0, 55, 3, 1, ''),
(34, 'Sült narancsszelet', 'Könnyen elkészíthető amerikai sült narancsszelet.', 1, 0, 140, 3, 17, 'Könnyű'),
(35, 'Csokitojás epermousse-szal töltve', 'Piros tojás helyett a locsolóknak, vagy csak úgy kis könnyed édesség.', 0, 0, 60, 3, 17, 'Könnyű'),
(36, 'Húsvéti hólabda karamellizált dióval', 'Igazi gasztronómiai élmény lesz, ha ez elkészül!! A töltött hólabdák puhaságot kölcsönöznek, mégis valami érdekesség van a tetején. Megyek is és neki állok egy adag sütésének.', 0, 0, 65, 3, 17, 'Könnyű'),
(37, 'Glutén- és cukormentes mini narancsos-diós csokoládétorta', 'Egyik jó barátnőm születésnapjára készítettem. Imádja a csokit, gondoltam meglepem egy pici csokoládétortával, picit különlegesebbet szerettem volna készíteni, ezért bolondítottam meg naranccsal és dióval. Nagyon finom, puha és szaftos, nem száraz sütemény lett az eredmény, mindez cukor- és gluténmentesen. Természetesen a recept működik hagyományos liszttel és cukorral is! 22 cm-es tortára háromszoros adaggal számoljunk!', 1, 0, 80, 3, 17, 'Közepes'),
(38, 'Sonkaléleves medvehagymás maceszgombóccal', 'Persze a húsvéti sonka maradék főzőlevéből isteni bableves, babfőzelék is készülhet, de ha egy fokkal egyszerűbb ételt főznénk belőle, válasszuk az alábbi receptet. Szerény zöldségekkel adhatunk gazdag aromát a füstös lének, amit medvehagymás maceszgombócok tesznek majd laktatóvá.', 1, 0, 50, 1, 17, 'Könnyű'),
(39, 'Ferdinánd tekercs', 'Ez a mennyei szaftos-mázas csigatorta tulajdonképpen egy jóféle kelt tésztából, a vaníliás vajkrémből és egy tejszínes locsolásból áll, így akár még kezdő házipék-jelöltek is nekiállhatnak, ha van egy szabad délutánjuk. De vegyük szépen sorjában, hogyan érdemes nekiállni és elkészíteni, hogy biztos legyen a siker.', 1, 0, 75, 5, 17, 'Közepes'),
(40, 'Kucsmagomba leves podagrafűvel', 'Egy üde gyertyánosban jártam, ahol együtt nőtt a méltatlanul nem ismert podagrafű és a kucsmagomba, így született a recept. A kucsmagomba nyersen mérgező, minimum 20 perc hőkezelést igényel, így is okozhat kellemetlenséget az érzékeny gyomrúaknak. A podagrafű sokféleképpen felhasználható levélzöld, melynek jellegzetesen borsos íze van.', 1, 0, 35, 1, 18, 'Könnyű'),
(41, 'Húsvéti maradékmentő savanyúság', 'Ugyan nemcsak húsvétkor fordulhat elő, hogy fel nem használt zöldségek maradnak a konyhában, ilyenkor, az ünnep táján mégis több hulladék keletkezik. Ennek megelőzésére nyújt egyszerű és ízes megoldást az alábbi fermentált savanyúság, amit a koreai kimchi ihletett. Ez a verzió azonban nem használ semmilyen egzotikus alapanyagot, csak az átlagos konyhákban is megtalálható élelmiszereket.', 1, 0, 30, 4, 18, 'Könnyű'),
(46, 'Legegyszerűbb tiramisu', 'Mindenki imádja, mindenki ismeri: a tiramisu az olasz gasztronómia egyik hamisítatlan és örök szereplője. A sütésmentes desszert bármilyen alkalomra gyorsan elkészíthető, bár az egyéjszakás pihentetést nem érdemes lespórolni, ugyanis ettől lesz igazán ellenállhatatlan a krémes, kávés desszert.', 1, 0, 34, 3, 18, 'Könnyű'),
(47, 'Narancsos-kávés süti', 'Narancs+kávé?! Nemcsak Majkának lehet egyedi sütije, hanem a Jólvanezígy csatornának is. Ezt a sütit ők inspirálták.', 1, 0, 30, 3, 18, 'Könnyű'),
(48, 'Tejszínes vegyes hagymakrémleves', 'Finom, könnyen elkészíthető hagymakrémleves.', 0, 0, 65, 1, 18, 'Könnyű'),
(49, 'Spárgás rizottó sütőben', 'A rizottó egyik legbosszantóbb része, a folyamatos és fárasztó kavargatás egyszerűen kiváltható azzal, ha az egytálételt a sütőben készítjük el. Az alábbi recept ugyanolyan krémes-szaftos rizst eredményez, mint a hagyományos verzió, szerencsére feleannyi belefektetett munka mellett. Ráadásként még a szezon sztárjával, a karakteres spárgával is kiegészül.', 1, 0, 40, 2, 18, 'Könnyű'),
(50, 'Pihe-puha pogácsa -Sajtos pogácsa', 'Ebből a mennyiségből kb. 80 darab pogácsa lesz.', 1, 0, 35, 5, 18, 'Közepes'),
(51, 'Húsvéti vendégváró őzgerinc', 'Mostanában nincsenek túl jó napjaim. Arra gondoltam, hogy legalább összeállítom a húsvéti menüt, hátha ez feldob egy kicsit. Egyébként is épp itt is az ideje a tervezgetésnek, hisz négy nap van hátra az ünnepig. És miután nálunk ilyenkor mindig a reggeli a legnagyobb attrakció, az elmaradhatatlan sonka, főtt tojás és kalács mellett lesz orosz reteksaláta, madárbegysaláta, fűszeres házi sajtkrém és mondjuk egy ilyen majonézes őzgerinc.', 0, 0, 20, 5, 18, 'Könnyű');

-- --------------------------------------------------------

--
-- Tábla szerkezet ehhez a táblához `recept_hozzavalo`
--

CREATE TABLE `recept_hozzavalo` (
  `Mennyiseg` double NOT NULL,
  `R_id` int(10) NOT NULL,
  `H_id` int(10) NOT NULL,
  `M_id` int(11) NOT NULL
) ENGINE=InnoDB DEFAULT CHARSET=utf8 COLLATE=utf8_hungarian_ci;

--
-- A tábla adatainak kiíratása `recept_hozzavalo`
--

INSERT INTO `recept_hozzavalo` (`Mennyiseg`, `R_id`, `H_id`, `M_id`) VALUES
(20, 7, 14, 8),
(2, 7, 11, 2),
(500, 7, 860, 8),
(4, 7, 9, 12),
(2, 7, 10, 12),
(0.5, 7, 26, 5),
(1, 7, 1001, 13),
(4, 7, 33, 95),
(2, 7, 253, 12),
(0.5, 7, 285, 96),
(3, 7, 16, 13),
(0.5, 7, 35, 96),
(0.5, 7, 114, 96),
(2, 7, 22, 13),
(0.5, 7, 481, 5),
(100, 7, 20, 8),
(1, 7, 261, 2),
(200, 8, 388, 8),
(3, 8, 169, 13),
(2, 8, 133, 2),
(2, 8, 41, 2),
(50, 8, 74, 6),
(8, 8, 304, 2),
(3, 8, 133, 2),
(40, 8, 8, 8),
(2, 8, 57, 94),
(150, 8, 52, 8),
(75, 9, 14, 8),
(75, 9, 8, 8),
(1, 9, 43, 16),
(45, 9, 18, 6),
(1, 9, 15, 13),
(50, 9, 30, 8),
(50, 9, 13, 6),
(60, 9, 7, 8),
(50, 9, 295, 8),
(1, 9, 42, 1),
(0.5, 9, 303, 1),
(1, 9, 9, 1),
(250, 9, 44, 8),
(60, 9, 30, 8),
(1, 9, 15, 13),
(60, 9, 302, 8),
(20, 9, 126, 8),
(1, 9, 9, 12),
(50, 9, 7, 8),
(50, 9, 8, 8),
(30, 9, 14, 8),
(1, 9, 9, 12),
(500, 10, 22, 8),
(0.5, 10, 9, 1),
(2, 10, 10, 12),
(80, 10, 777, 8),
(1, 10, 15, 13),
(4, 10, 444, 2),
(100, 10, 289, 8),
(100, 10, 180, 8),
(0.5, 10, 112, 96),
(200, 11, 14, 8),
(200, 11, 8, 8),
(4, 11, 15, 13),
(175, 11, 30, 8),
(300, 11, 7, 8),
(12, 11, 42, 8),
(1, 11, 9, 1),
(1, 11, 43, 16),
(2, 11, 41, 2),
(1, 11, 32, 13),
(200, 11, 302, 8),
(0.5, 13, 860, 10),
(1, 13, 305, 13),
(1, 13, 1001, 13),
(2, 13, 33, 95),
(2, 13, 11, 2),
(7, 13, 26, 5),
(20, 13, 277, 9),
(10, 13, 180, 9),
(70, 13, 179, 8),
(3, 13, 10, 12),
(4, 13, 9, 12),
(2, 13, 14, 9),
(0.5, 13, 7, 9),
(5, 13, 13, 5),
(100, 13, 140, 8),
(2, 13, 10, 12),
(2, 13, 9, 12),
(500, 17, 13, 6),
(60, 17, 8, 8),
(1, 17, 43, 16),
(1, 17, 9, 12),
(50, 17, 14, 8),
(50, 17, 27, 8),
(50, 17, 54, 8),
(2, 17, 312, 1),
(300, 17, 116, 8),
(1, 17, 262, 2),
(200, 18, 388, 8),
(175, 18, 229, 8),
(3, 18, 481, 5),
(40, 18, 8, 8),
(15, 18, 14, 8),
(1, 18, 9, 12),
(200, 18, 84, 8),
(0.5, 18, 245, 96),
(500, 19, 388, 8),
(2, 19, 13, 5),
(200, 19, 50, 8),
(100, 19, 302, 8),
(100, 19, 14, 8),
(2, 19, 41, 2),
(150, 19, 52, 8),
(1, 25, 1001, 13),
(2, 25, 22, 13),
(50, 25, 228, 6),
(1, 25, 140, 1),
(3, 25, 9, 8),
(2, 25, 10, 8),
(3, 25, 11, 2),
(70, 26, 388, 8),
(40, 26, 14, 8),
(140, 26, 8, 8),
(1.5, 26, 9, 1),
(500, 26, 44, 8),
(100, 26, 30, 8),
(120, 26, 302, 8),
(230, 26, 18, 6),
(1, 26, 43, 16),
(100, 26, 481, 6),
(3, 26, 15, 13),
(250, 34, 7, 8),
(125, 34, 14, 8),
(40, 34, 173, 8),
(2, 34, 131, 13),
(20, 34, 974, 6),
(9, 34, 15, 13),
(3, 34, 481, 5),
(350, 34, 8, 8),
(200, 35, 297, 8),
(125, 35, 84, 8),
(2, 35, 15, 13),
(150, 35, 481, 8),
(40, 35, 8, 8),
(5, 36, 15, 13),
(30, 36, 8, 9),
(25, 36, 7, 9),
(2, 36, 42, 1),
(20, 36, 932, 8),
(10, 36, 12, 6),
(100, 36, 52, 8),
(20, 36, 164, 9),
(2.5, 36, 13, 5),
(1, 36, 43, 16),
(20, 36, 302, 9),
(10, 36, 54, 9),
(35, 37, 294, 8),
(50, 37, 54, 8),
(2, 37, 15, 13),
(20, 37, 591, 6),
(30, 37, 12, 6),
(10, 37, 932, 8),
(100, 37, 297, 8),
(100, 37, 481, 6),
(15, 37, 14, 8),
(25, 37, 961, 6),
(2, 38, 305, 13),
(2, 38, 681, 9),
(1, 38, 120, 13),
(1, 38, 1001, 13),
(4, 38, 9, 8),
(4, 38, 15, 13),
(5, 38, 11, 2),
(200, 38, 12, 6),
(2, 38, 3, 9),
(2, 38, 10, 1),
(500, 39, 7, 8),
(1, 39, 9, 12),
(50, 39, 8, 8),
(10, 39, 18, 6),
(25, 39, 293, 8),
(3, 39, 15, 13),
(75, 39, 13, 6),
(180, 39, 14, 8),
(40, 39, 302, 8),
(350, 39, 481, 8),
(15, 39, 57, 6),
(300, 40, 207, 8),
(1, 40, 1001, 13),
(4, 40, 33, 95),
(2, 40, 591, 5),
(2, 40, 481, 5),
(2.5, 40, 12, 4),
(0.5, 40, 32, 13),
(4, 40, 140, 12),
(4, 40, 9, 12),
(5, 40, 559, 8),
(3, 40, 22, 13),
(200, 41, 9, 8),
(2, 41, 12, 4),
(2, 41, 121, 13),
(1, 41, 310, 13),
(3, 41, 305, 13),
(10, 41, 610, 8),
(0.5, 41, 3, 9),
(3, 41, 33, 95),
(1, 41, 81, 13),
(30, 41, 22, 8),
(1, 41, 191, 2),
(6, 46, 15, 13),
(150, 46, 8, 8),
(1000, 46, 229, 8),
(1, 46, 9, 12),
(500, 46, 50, 8),
(30, 46, 932, 8),
(50, 47, 14, 8),
(50, 47, 8, 8),
(1, 47, 42, 1),
(100, 47, 7, 8),
(20, 47, 50, 8),
(10, 47, 57, 6),
(1, 47, 131, 13),
(2, 48, 1001, 13),
(4, 48, 33, 95),
(3, 48, 3, 13),
(40, 48, 7, 8),
(200, 48, 481, 6),
(1600, 48, 12, 6),
(3, 48, 9, 12),
(2, 48, 10, 12),
(5, 48, 11, 2),
(3, 49, 11, 2),
(1, 49, 1001, 13),
(3, 49, 33, 95),
(250, 49, 23, 8),
(800, 49, 12, 6),
(80, 49, 14, 8),
(120, 49, 179, 8),
(10, 49, 65, 13),
(3, 49, 9, 12),
(2, 49, 10, 12),
(60, 50, 7, 9),
(1, 50, 15, 13),
(175, 50, 30, 8),
(25, 50, 164, 9),
(4, 50, 9, 1),
(10, 50, 8, 8),
(50, 50, 293, 8),
(50, 50, 906, 8),
(1, 50, 15, 13),
(25, 51, 160, 9),
(4, 51, 15, 13),
(4, 51, 194, 13),
(0, 51, 608, 13),
(2, 51, 423, 5),
(2, 51, 12, 5);

-- --------------------------------------------------------

--
-- Tábla szerkezet ehhez a táblához `recept_tag`
--

CREATE TABLE `recept_tag` (
  `R_id` int(10) NOT NULL,
  `T_id` int(10) NOT NULL
) ENGINE=InnoDB DEFAULT CHARSET=utf8 COLLATE=utf8_hungarian_ci;

--
-- A tábla adatainak kiíratása `recept_tag`
--

INSERT INTO `recept_tag` (`R_id`, `T_id`) VALUES
(7, 4),
(8, 5),
(8, 4),
(8, 1),
(9, 4),
(10, 4),
(11, 4),
(13, 4),
(19, 4),
(25, 4),
(26, 7),
(34, 17),
(34, 7),
(35, 16),
(35, 7),
(35, 9),
(36, 1),
(36, 7),
(37, 9),
(37, 12),
(37, 10),
(38, 4),
(39, 1),
(39, 14),
(39, 7),
(40, 4),
(41, 4),
(41, 18),
(41, 19),
(41, 5),
(41, 3),
(46, 4),
(46, 16),
(46, 7),
(47, 1),
(47, 4),
(47, 7),
(48, 1),
(49, 4),
(49, 18),
(49, 3),
(50, 4),
(50, 1),
(50, 14),
(51, 4),
(51, 1),
(18, 7);

-- --------------------------------------------------------

--
-- Tábla szerkezet ehhez a táblához `tagek`
--

CREATE TABLE `tagek` (
  `Tid` int(10) NOT NULL,
  `Nev` varchar(50) NOT NULL
) ENGINE=InnoDB DEFAULT CHARSET=utf8 COLLATE=utf8_hungarian_ci;

--
-- A tábla adatainak kiíratása `tagek`
--

INSERT INTO `tagek` (`Tid`, `Nev`) VALUES
(1, 'Magyaros'),
(3, 'Vegetáriánus'),
(4, 'Gyors'),
(5, 'Diétás'),
(6, 'Csípős'),
(7, 'Édes'),
(8, 'Sós'),
(9, 'Csokis'),
(10, 'Gluténmentes'),
(11, 'Laktózmentes'),
(12, 'Cukormentes'),
(13, 'Alkoholos'),
(14, 'Tésztás'),
(15, 'Ázsiai ízvilágú'),
(16, 'Európai ízvilágú'),
(17, 'Amerikai ízvilágú'),
(18, 'Egészséges'),
(19, 'Vegán');

--
-- Indexek a kiírt táblákhoz
--

--
-- A tábla indexei `ertekeles`
--
ALTER TABLE `ertekeles`
  ADD PRIMARY KEY (`Ertid`),
  ADD KEY `R_id` (`R_id`),
  ADD KEY `F_id` (`F_id`);

--
-- A tábla indexei `erzekenyseg`
--
ALTER TABLE `erzekenyseg`
  ADD PRIMARY KEY (`Eid`);

--
-- A tábla indexei `felhasznalo`
--
ALTER TABLE `felhasznalo`
  ADD PRIMARY KEY (`Id`),
  ADD UNIQUE KEY `Fnev` (`Fnev`),
  ADD UNIQUE KEY `Email` (`Email`);

--
-- A tábla indexei `felhasznalo_erzekenyseg`
--
ALTER TABLE `felhasznalo_erzekenyseg`
  ADD KEY `F_id` (`F_id`),
  ADD KEY `E_id` (`E_id`);

--
-- A tábla indexei `hozzavalo`
--
ALTER TABLE `hozzavalo`
  ADD PRIMARY KEY (`Hid`);

--
-- A tábla indexei `hozzavalo_erzekenyseg`
--
ALTER TABLE `hozzavalo_erzekenyseg`
  ADD KEY `E_id` (`E_id`),
  ADD KEY `H_id` (`H_id`);

--
-- A tábla indexei `izles`
--
ALTER TABLE `izles`
  ADD KEY `F_id` (`F_id`),
  ADD KEY `T_id` (`T_id`);

--
-- A tábla indexei `kategoria`
--
ALTER TABLE `kategoria`
  ADD PRIMARY KEY (`Kid`);

--
-- A tábla indexei `lepes`
--
ALTER TABLE `lepes`
  ADD PRIMARY KEY (`Lid`),
  ADD KEY `R_id` (`R_id`);

--
-- A tábla indexei `mertekegyseg`
--
ALTER TABLE `mertekegyseg`
  ADD PRIMARY KEY (`Mid`);

--
-- A tábla indexei `mertekegyseg_hozzavalo`
--
ALTER TABLE `mertekegyseg_hozzavalo`
  ADD KEY `H_id` (`H_id`),
  ADD KEY `M_id` (`M_id`);

--
-- A tábla indexei `multimedia`
--
ALTER TABLE `multimedia`
  ADD PRIMARY KEY (`Vid`),
  ADD KEY `R_id` (`R_id`);

--
-- A tábla indexei `recept`
--
ALTER TABLE `recept`
  ADD PRIMARY KEY (`Rid`),
  ADD KEY `K_id` (`K_id`),
  ADD KEY `F_id` (`F_id`);

--
-- A tábla indexei `recept_hozzavalo`
--
ALTER TABLE `recept_hozzavalo`
  ADD KEY `R_id` (`R_id`),
  ADD KEY `H_id` (`H_id`),
  ADD KEY `M_id` (`M_id`);

--
-- A tábla indexei `recept_tag`
--
ALTER TABLE `recept_tag`
  ADD KEY `R_id` (`R_id`),
  ADD KEY `T_id` (`T_id`);

--
-- A tábla indexei `tagek`
--
ALTER TABLE `tagek`
  ADD PRIMARY KEY (`Tid`);

--
-- A kiírt táblák AUTO_INCREMENT értéke
--

--
-- AUTO_INCREMENT a táblához `ertekeles`
--
ALTER TABLE `ertekeles`
  MODIFY `Ertid` int(10) NOT NULL AUTO_INCREMENT, AUTO_INCREMENT=22;

--
-- AUTO_INCREMENT a táblához `felhasznalo`
--
ALTER TABLE `felhasznalo`
  MODIFY `Id` int(10) NOT NULL AUTO_INCREMENT, AUTO_INCREMENT=23;

--
-- AUTO_INCREMENT a táblához `hozzavalo`
--
ALTER TABLE `hozzavalo`
  MODIFY `Hid` int(10) NOT NULL AUTO_INCREMENT, AUTO_INCREMENT=1002;

--
-- AUTO_INCREMENT a táblához `kategoria`
--
ALTER TABLE `kategoria`
  MODIFY `Kid` int(10) NOT NULL AUTO_INCREMENT, AUTO_INCREMENT=6;

--
-- AUTO_INCREMENT a táblához `lepes`
--
ALTER TABLE `lepes`
  MODIFY `Lid` int(10) NOT NULL AUTO_INCREMENT, AUTO_INCREMENT=196;

--
-- AUTO_INCREMENT a táblához `mertekegyseg`
--
ALTER TABLE `mertekegyseg`
  MODIFY `Mid` int(11) NOT NULL AUTO_INCREMENT, AUTO_INCREMENT=101;

--
-- AUTO_INCREMENT a táblához `multimedia`
--
ALTER TABLE `multimedia`
  MODIFY `Vid` int(10) NOT NULL AUTO_INCREMENT, AUTO_INCREMENT=54;

--
-- AUTO_INCREMENT a táblához `recept`
--
ALTER TABLE `recept`
  MODIFY `Rid` int(10) NOT NULL AUTO_INCREMENT, AUTO_INCREMENT=52;

--
-- AUTO_INCREMENT a táblához `tagek`
--
ALTER TABLE `tagek`
  MODIFY `Tid` int(10) NOT NULL AUTO_INCREMENT, AUTO_INCREMENT=20;

--
-- Megkötések a kiírt táblákhoz
--

--
-- Megkötések a táblához `ertekeles`
--
ALTER TABLE `ertekeles`
  ADD CONSTRAINT `ertekeles_ibfk_1` FOREIGN KEY (`R_id`) REFERENCES `recept` (`Rid`),
  ADD CONSTRAINT `ertekeles_ibfk_2` FOREIGN KEY (`F_id`) REFERENCES `felhasznalo` (`Id`);

--
-- Megkötések a táblához `felhasznalo_erzekenyseg`
--
ALTER TABLE `felhasznalo_erzekenyseg`
  ADD CONSTRAINT `felhasznalo_erzekenyseg_ibfk_1` FOREIGN KEY (`F_id`) REFERENCES `felhasznalo` (`Id`),
  ADD CONSTRAINT `felhasznalo_erzekenyseg_ibfk_2` FOREIGN KEY (`E_id`) REFERENCES `erzekenyseg` (`Eid`);

--
-- Megkötések a táblához `hozzavalo_erzekenyseg`
--
ALTER TABLE `hozzavalo_erzekenyseg`
  ADD CONSTRAINT `hozzavalo_erzekenyseg_ibfk_1` FOREIGN KEY (`H_id`) REFERENCES `hozzavalo` (`Hid`),
  ADD CONSTRAINT `hozzavalo_erzekenyseg_ibfk_2` FOREIGN KEY (`E_id`) REFERENCES `erzekenyseg` (`Eid`);

--
-- Megkötések a táblához `izles`
--
ALTER TABLE `izles`
  ADD CONSTRAINT `izles_ibfk_1` FOREIGN KEY (`F_id`) REFERENCES `felhasznalo` (`Id`),
  ADD CONSTRAINT `izles_ibfk_2` FOREIGN KEY (`T_id`) REFERENCES `tagek` (`Tid`);

--
-- Megkötések a táblához `lepes`
--
ALTER TABLE `lepes`
  ADD CONSTRAINT `lepes_ibfk_1` FOREIGN KEY (`R_id`) REFERENCES `recept` (`Rid`);

--
-- Megkötések a táblához `mertekegyseg_hozzavalo`
--
ALTER TABLE `mertekegyseg_hozzavalo`
  ADD CONSTRAINT `mertekegyseg_hozzavalo_ibfk_1` FOREIGN KEY (`M_id`) REFERENCES `mertekegyseg` (`Mid`),
  ADD CONSTRAINT `mertekegyseg_hozzavalo_ibfk_2` FOREIGN KEY (`H_id`) REFERENCES `hozzavalo` (`Hid`);

--
-- Megkötések a táblához `multimedia`
--
ALTER TABLE `multimedia`
  ADD CONSTRAINT `multimedia_ibfk_1` FOREIGN KEY (`R_id`) REFERENCES `recept` (`Rid`);

--
-- Megkötések a táblához `recept`
--
ALTER TABLE `recept`
  ADD CONSTRAINT `recept_ibfk_1` FOREIGN KEY (`K_id`) REFERENCES `kategoria` (`Kid`),
  ADD CONSTRAINT `recept_ibfk_2` FOREIGN KEY (`F_id`) REFERENCES `felhasznalo` (`Id`);

--
-- Megkötések a táblához `recept_hozzavalo`
--
ALTER TABLE `recept_hozzavalo`
  ADD CONSTRAINT `recept_hozzavalo_ibfk_1` FOREIGN KEY (`R_id`) REFERENCES `recept` (`Rid`),
  ADD CONSTRAINT `recept_hozzavalo_ibfk_2` FOREIGN KEY (`H_id`) REFERENCES `hozzavalo` (`Hid`),
  ADD CONSTRAINT `recept_hozzavalo_ibfk_3` FOREIGN KEY (`M_id`) REFERENCES `mertekegyseg` (`Mid`);

--
-- Megkötések a táblához `recept_tag`
--
ALTER TABLE `recept_tag`
  ADD CONSTRAINT `recept_tag_ibfk_1` FOREIGN KEY (`R_id`) REFERENCES `recept` (`Rid`),
  ADD CONSTRAINT `recept_tag_ibfk_2` FOREIGN KEY (`T_id`) REFERENCES `tagek` (`Tid`);
COMMIT;

/*!40101 SET CHARACTER_SET_CLIENT=@OLD_CHARACTER_SET_CLIENT */;
/*!40101 SET CHARACTER_SET_RESULTS=@OLD_CHARACTER_SET_RESULTS */;
/*!40101 SET COLLATION_CONNECTION=@OLD_COLLATION_CONNECTION */;
